guid/image,N
7adb655d-9b1e-44cd-86f5-2995d0cfd1e9/0073,6
7adb655d-9b1e-44cd-86f5-2995d0cfd1e9/0020,4
7adb655d-9b1e-44cd-86f5-2995d0cfd1e9/0019,4
7adb655d-9b1e-44cd-86f5-2995d0cfd1e9/0013,1
7adb655d-9b1e-44cd-86f5-2995d0cfd1e9/0082,5
7adb655d-9b1e-44cd-86f5-2995d0cfd1e9/0037,1
7adb655d-9b1e-44cd-86f5-2995d0cfd1e9/0066,4
7adb655d-9b1e-44cd-86f5-2995d0cfd1e9/0081,4
7adb655d-9b1e-44cd-86f5-2995d0cfd1e9/0046,2
7adb655d-9b1e-44cd-86f5-2995d0cfd1e9/0085,5
7adb655d-9b1e-44cd-86f5-2995d0cfd1e9/0069,5
7adb655d-9b1e-44cd-86f5-2995d0cfd1e9/0076,5
7adb655d-9b1e-44cd-86f5-2995d0cfd1e9/0021,1
7adb655d-9b1e-44cd-86f5-2995d0cfd1e9/0067,5
7adb655d-9b1e-44cd-86f5-2995d0cfd1e9/0005,1
7adb655d-9b1e-44cd-86f5-2995d0cfd1e9/0042,5
7adb655d-9b1e-44cd-86f5-2995d0cfd1e9/0031,3
7adb655d-9b1e-44cd-86f5-2995d0cfd1e9/0057,4
7adb655d-9b1e-44cd-86f5-2995d0cfd1e9/0038,1
7adb655d-9b1e-44cd-86f5-2995d0cfd1e9/0093,3
7adb655d-9b1e-44cd-86f5-2995d0cfd1e9/0065,6
7adb655d-9b1e-44cd-86f5-2995d0cfd1e9/0016,2
7adb655d-9b1e-44cd-86f5-2995d0cfd1e9/0083,4
7adb655d-9b1e-44cd-86f5-2995d0cfd1e9/0080,4
7adb655d-9b1e-44cd-86f5-2995d0cfd1e9/0055,5
7adb655d-9b1e-44cd-86f5-2995d0cfd1e9/0089,4
7adb655d-9b1e-44cd-86f5-2995d0cfd1e9/0079,6
7adb655d-9b1e-44cd-86f5-2995d0cfd1e9/0049,5
7adb655d-9b1e-44cd-86f5-2995d0cfd1e9/0062,7
7adb655d-9b1e-44cd-86f5-2995d0cfd1e9/0072,5
7adb655d-9b1e-44cd-86f5-2995d0cfd1e9/0054,3
7adb655d-9b1e-44cd-86f5-2995d0cfd1e9/0028,3
7adb655d-9b1e-44cd-86f5-2995d0cfd1e9/0084,6
7adb655d-9b1e-44cd-86f5-2995d0cfd1e9/0053,7
7adb655d-9b1e-44cd-86f5-2995d0cfd1e9/0003,1
7adb655d-9b1e-44cd-86f5-2995d0cfd1e9/0071,7
7adb655d-9b1e-44cd-86f5-2995d0cfd1e9/0000,0
7adb655d-9b1e-44cd-86f5-2995d0cfd1e9/0036,2
7adb655d-9b1e-44cd-86f5-2995d0cfd1e9/0095,3
7adb655d-9b1e-44cd-86f5-2995d0cfd1e9/0074,6
7adb655d-9b1e-44cd-86f5-2995d0cfd1e9/0059,4
7adb655d-9b1e-44cd-86f5-2995d0cfd1e9/0041,3
7adb655d-9b1e-44cd-86f5-2995d0cfd1e9/0007,1
7adb655d-9b1e-44cd-86f5-2995d0cfd1e9/0004,1
7adb655d-9b1e-44cd-86f5-2995d0cfd1e9/0052,3
7adb655d-9b1e-44cd-86f5-2995d0cfd1e9/0087,5
7adb655d-9b1e-44cd-86f5-2995d0cfd1e9/0077,6
7adb655d-9b1e-44cd-86f5-2995d0cfd1e9/0086,7
7adb655d-9b1e-44cd-86f5-2995d0cfd1e9/0022,0
7adb655d-9b1e-44cd-86f5-2995d0cfd1e9/0033,2
7adb655d-9b1e-44cd-86f5-2995d0cfd1e9/0006,1
7adb655d-9b1e-44cd-86f5-2995d0cfd1e9/0047,5
7adb655d-9b1e-44cd-86f5-2995d0cfd1e9/0045,1
7adb655d-9b1e-44cd-86f5-2995d0cfd1e9/0068,5
7adb655d-9b1e-44cd-86f5-2995d0cfd1e9/0040,1
7adb655d-9b1e-44cd-86f5-2995d0cfd1e9/0078,5
7adb655d-9b1e-44cd-86f5-2995d0cfd1e9/0092,2
7adb655d-9b1e-44cd-86f5-2995d0cfd1e9/0048,4
7adb655d-9b1e-44cd-86f5-2995d0cfd1e9/0061,4
7adb655d-9b1e-44cd-86f5-2995d0cfd1e9/0023,0
7adb655d-9b1e-44cd-86f5-2995d0cfd1e9/0008,5
7adb655d-9b1e-44cd-86f5-2995d0cfd1e9/0075,7
7adb655d-9b1e-44cd-86f5-2995d0cfd1e9/0025,5
7adb655d-9b1e-44cd-86f5-2995d0cfd1e9/0024,3
7adb655d-9b1e-44cd-86f5-2995d0cfd1e9/0063,5
7adb655d-9b1e-44cd-86f5-2995d0cfd1e9/0012,1
7adb655d-9b1e-44cd-86f5-2995d0cfd1e9/0018,2
7adb655d-9b1e-44cd-86f5-2995d0cfd1e9/0070,4
7adb655d-9b1e-44cd-86f5-2995d0cfd1e9/0044,1
7adb655d-9b1e-44cd-86f5-2995d0cfd1e9/0026,5
7adb655d-9b1e-44cd-86f5-2995d0cfd1e9/0060,4
7adb655d-9b1e-44cd-86f5-2995d0cfd1e9/0009,3
7adb655d-9b1e-44cd-86f5-2995d0cfd1e9/0017,2
7adb655d-9b1e-44cd-86f5-2995d0cfd1e9/0029,3
7adb655d-9b1e-44cd-86f5-2995d0cfd1e9/0014,2
7adb655d-9b1e-44cd-86f5-2995d0cfd1e9/0035,4
7adb655d-9b1e-44cd-86f5-2995d0cfd1e9/0091,2
7adb655d-9b1e-44cd-86f5-2995d0cfd1e9/0002,1
7adb655d-9b1e-44cd-86f5-2995d0cfd1e9/0032,6
7adb655d-9b1e-44cd-86f5-2995d0cfd1e9/0088,3
7adb655d-9b1e-44cd-86f5-2995d0cfd1e9/0051,2
7adb655d-9b1e-44cd-86f5-2995d0cfd1e9/0034,2
7adb655d-9b1e-44cd-86f5-2995d0cfd1e9/0056,4
7adb655d-9b1e-44cd-86f5-2995d0cfd1e9/0064,7
7adb655d-9b1e-44cd-86f5-2995d0cfd1e9/0050,5
7adb655d-9b1e-44cd-86f5-2995d0cfd1e9/0094,3
7adb655d-9b1e-44cd-86f5-2995d0cfd1e9/0090,2
7adb655d-9b1e-44cd-86f5-2995d0cfd1e9/0011,2
7adb655d-9b1e-44cd-86f5-2995d0cfd1e9/0096,3
7adb655d-9b1e-44cd-86f5-2995d0cfd1e9/0015,1
7adb655d-9b1e-44cd-86f5-2995d0cfd1e9/0001,1
7adb655d-9b1e-44cd-86f5-2995d0cfd1e9/0030,2
7adb655d-9b1e-44cd-86f5-2995d0cfd1e9/0058,4
7adb655d-9b1e-44cd-86f5-2995d0cfd1e9/0027,7
7adb655d-9b1e-44cd-86f5-2995d0cfd1e9/0010,2
7adb655d-9b1e-44cd-86f5-2995d0cfd1e9/0043,3
89e5e4af-ec1b-4a22-b79e-62fd95421357/0073,5
89e5e4af-ec1b-4a22-b79e-62fd95421357/0013,5
89e5e4af-ec1b-4a22-b79e-62fd95421357/0082,3
89e5e4af-ec1b-4a22-b79e-62fd95421357/0037,0
89e5e4af-ec1b-4a22-b79e-62fd95421357/0066,3
89e5e4af-ec1b-4a22-b79e-62fd95421357/0081,3
89e5e4af-ec1b-4a22-b79e-62fd95421357/0046,1
89e5e4af-ec1b-4a22-b79e-62fd95421357/0069,3
89e5e4af-ec1b-4a22-b79e-62fd95421357/0076,3
89e5e4af-ec1b-4a22-b79e-62fd95421357/0021,2
89e5e4af-ec1b-4a22-b79e-62fd95421357/0067,2
89e5e4af-ec1b-4a22-b79e-62fd95421357/0005,2
89e5e4af-ec1b-4a22-b79e-62fd95421357/0042,1
89e5e4af-ec1b-4a22-b79e-62fd95421357/0031,1
89e5e4af-ec1b-4a22-b79e-62fd95421357/0057,2
89e5e4af-ec1b-4a22-b79e-62fd95421357/0038,0
89e5e4af-ec1b-4a22-b79e-62fd95421357/0065,5
89e5e4af-ec1b-4a22-b79e-62fd95421357/0016,2
89e5e4af-ec1b-4a22-b79e-62fd95421357/0083,4
89e5e4af-ec1b-4a22-b79e-62fd95421357/0039,1
89e5e4af-ec1b-4a22-b79e-62fd95421357/0080,6
89e5e4af-ec1b-4a22-b79e-62fd95421357/0055,6
89e5e4af-ec1b-4a22-b79e-62fd95421357/0079,5
89e5e4af-ec1b-4a22-b79e-62fd95421357/0049,3
89e5e4af-ec1b-4a22-b79e-62fd95421357/0062,4
89e5e4af-ec1b-4a22-b79e-62fd95421357/0072,6
89e5e4af-ec1b-4a22-b79e-62fd95421357/0054,2
89e5e4af-ec1b-4a22-b79e-62fd95421357/0028,1
89e5e4af-ec1b-4a22-b79e-62fd95421357/0053,1
89e5e4af-ec1b-4a22-b79e-62fd95421357/0003,0
89e5e4af-ec1b-4a22-b79e-62fd95421357/0071,4
89e5e4af-ec1b-4a22-b79e-62fd95421357/0000,3
89e5e4af-ec1b-4a22-b79e-62fd95421357/0036,0
89e5e4af-ec1b-4a22-b79e-62fd95421357/0074,9
89e5e4af-ec1b-4a22-b79e-62fd95421357/0059,2
89e5e4af-ec1b-4a22-b79e-62fd95421357/0041,0
89e5e4af-ec1b-4a22-b79e-62fd95421357/0007,1
89e5e4af-ec1b-4a22-b79e-62fd95421357/0004,2
89e5e4af-ec1b-4a22-b79e-62fd95421357/0052,3
89e5e4af-ec1b-4a22-b79e-62fd95421357/0077,1
89e5e4af-ec1b-4a22-b79e-62fd95421357/0022,1
89e5e4af-ec1b-4a22-b79e-62fd95421357/0006,1
89e5e4af-ec1b-4a22-b79e-62fd95421357/0047,2
89e5e4af-ec1b-4a22-b79e-62fd95421357/0045,1
89e5e4af-ec1b-4a22-b79e-62fd95421357/0068,2
89e5e4af-ec1b-4a22-b79e-62fd95421357/0040,0
89e5e4af-ec1b-4a22-b79e-62fd95421357/0078,4
89e5e4af-ec1b-4a22-b79e-62fd95421357/0048,2
89e5e4af-ec1b-4a22-b79e-62fd95421357/0061,4
89e5e4af-ec1b-4a22-b79e-62fd95421357/0023,0
89e5e4af-ec1b-4a22-b79e-62fd95421357/0008,2
89e5e4af-ec1b-4a22-b79e-62fd95421357/0075,6
89e5e4af-ec1b-4a22-b79e-62fd95421357/0025,1
89e5e4af-ec1b-4a22-b79e-62fd95421357/0024,1
89e5e4af-ec1b-4a22-b79e-62fd95421357/0063,3
89e5e4af-ec1b-4a22-b79e-62fd95421357/0012,4
89e5e4af-ec1b-4a22-b79e-62fd95421357/0018,1
89e5e4af-ec1b-4a22-b79e-62fd95421357/0070,2
89e5e4af-ec1b-4a22-b79e-62fd95421357/0044,4
89e5e4af-ec1b-4a22-b79e-62fd95421357/0026,1
89e5e4af-ec1b-4a22-b79e-62fd95421357/0060,2
89e5e4af-ec1b-4a22-b79e-62fd95421357/0009,5
89e5e4af-ec1b-4a22-b79e-62fd95421357/0017,1
89e5e4af-ec1b-4a22-b79e-62fd95421357/0029,1
89e5e4af-ec1b-4a22-b79e-62fd95421357/0014,4
89e5e4af-ec1b-4a22-b79e-62fd95421357/0035,1
89e5e4af-ec1b-4a22-b79e-62fd95421357/0002,3
89e5e4af-ec1b-4a22-b79e-62fd95421357/0051,2
89e5e4af-ec1b-4a22-b79e-62fd95421357/0034,1
89e5e4af-ec1b-4a22-b79e-62fd95421357/0056,5
89e5e4af-ec1b-4a22-b79e-62fd95421357/0064,11
89e5e4af-ec1b-4a22-b79e-62fd95421357/0050,1
89e5e4af-ec1b-4a22-b79e-62fd95421357/0011,5
89e5e4af-ec1b-4a22-b79e-62fd95421357/0015,3
89e5e4af-ec1b-4a22-b79e-62fd95421357/0001,1
89e5e4af-ec1b-4a22-b79e-62fd95421357/0058,1
89e5e4af-ec1b-4a22-b79e-62fd95421357/0027,1
89e5e4af-ec1b-4a22-b79e-62fd95421357/0010,3
89e5e4af-ec1b-4a22-b79e-62fd95421357/0043,0
ccee7f3b-68d4-42d0-bf8e-167bf0e99e08/0020,4
ccee7f3b-68d4-42d0-bf8e-167bf0e99e08/0019,3
ccee7f3b-68d4-42d0-bf8e-167bf0e99e08/0013,2
ccee7f3b-68d4-42d0-bf8e-167bf0e99e08/0037,5
ccee7f3b-68d4-42d0-bf8e-167bf0e99e08/0066,1
ccee7f3b-68d4-42d0-bf8e-167bf0e99e08/0046,4
ccee7f3b-68d4-42d0-bf8e-167bf0e99e08/0069,3
ccee7f3b-68d4-42d0-bf8e-167bf0e99e08/0021,5
ccee7f3b-68d4-42d0-bf8e-167bf0e99e08/0067,1
ccee7f3b-68d4-42d0-bf8e-167bf0e99e08/0005,2
ccee7f3b-68d4-42d0-bf8e-167bf0e99e08/0042,5
ccee7f3b-68d4-42d0-bf8e-167bf0e99e08/0031,3
ccee7f3b-68d4-42d0-bf8e-167bf0e99e08/0057,2
ccee7f3b-68d4-42d0-bf8e-167bf0e99e08/0038,2
ccee7f3b-68d4-42d0-bf8e-167bf0e99e08/0065,1
ccee7f3b-68d4-42d0-bf8e-167bf0e99e08/0016,3
ccee7f3b-68d4-42d0-bf8e-167bf0e99e08/0039,3
ccee7f3b-68d4-42d0-bf8e-167bf0e99e08/0055,1
ccee7f3b-68d4-42d0-bf8e-167bf0e99e08/0049,5
ccee7f3b-68d4-42d0-bf8e-167bf0e99e08/0062,2
ccee7f3b-68d4-42d0-bf8e-167bf0e99e08/0054,1
ccee7f3b-68d4-42d0-bf8e-167bf0e99e08/0028,3
ccee7f3b-68d4-42d0-bf8e-167bf0e99e08/0053,1
ccee7f3b-68d4-42d0-bf8e-167bf0e99e08/0003,2
ccee7f3b-68d4-42d0-bf8e-167bf0e99e08/0071,1
ccee7f3b-68d4-42d0-bf8e-167bf0e99e08/0000,2
ccee7f3b-68d4-42d0-bf8e-167bf0e99e08/0036,3
ccee7f3b-68d4-42d0-bf8e-167bf0e99e08/0059,2
ccee7f3b-68d4-42d0-bf8e-167bf0e99e08/0041,5
ccee7f3b-68d4-42d0-bf8e-167bf0e99e08/0007,0
ccee7f3b-68d4-42d0-bf8e-167bf0e99e08/0004,2
ccee7f3b-68d4-42d0-bf8e-167bf0e99e08/0052,3
ccee7f3b-68d4-42d0-bf8e-167bf0e99e08/0022,9
ccee7f3b-68d4-42d0-bf8e-167bf0e99e08/0033,6
ccee7f3b-68d4-42d0-bf8e-167bf0e99e08/0006,1
ccee7f3b-68d4-42d0-bf8e-167bf0e99e08/0047,2
ccee7f3b-68d4-42d0-bf8e-167bf0e99e08/0045,5
ccee7f3b-68d4-42d0-bf8e-167bf0e99e08/0068,1
ccee7f3b-68d4-42d0-bf8e-167bf0e99e08/0040,4
ccee7f3b-68d4-42d0-bf8e-167bf0e99e08/0048,4
ccee7f3b-68d4-42d0-bf8e-167bf0e99e08/0061,1
ccee7f3b-68d4-42d0-bf8e-167bf0e99e08/0023,4
ccee7f3b-68d4-42d0-bf8e-167bf0e99e08/0008,2
ccee7f3b-68d4-42d0-bf8e-167bf0e99e08/0025,6
ccee7f3b-68d4-42d0-bf8e-167bf0e99e08/0024,2
ccee7f3b-68d4-42d0-bf8e-167bf0e99e08/0063,2
ccee7f3b-68d4-42d0-bf8e-167bf0e99e08/0012,4
ccee7f3b-68d4-42d0-bf8e-167bf0e99e08/0018,2
ccee7f3b-68d4-42d0-bf8e-167bf0e99e08/0070,1
ccee7f3b-68d4-42d0-bf8e-167bf0e99e08/0044,5
ccee7f3b-68d4-42d0-bf8e-167bf0e99e08/0026,4
ccee7f3b-68d4-42d0-bf8e-167bf0e99e08/0060,2
ccee7f3b-68d4-42d0-bf8e-167bf0e99e08/0009,3
ccee7f3b-68d4-42d0-bf8e-167bf0e99e08/0017,4
ccee7f3b-68d4-42d0-bf8e-167bf0e99e08/0029,3
ccee7f3b-68d4-42d0-bf8e-167bf0e99e08/0014,2
ccee7f3b-68d4-42d0-bf8e-167bf0e99e08/0035,4
ccee7f3b-68d4-42d0-bf8e-167bf0e99e08/0002,4
ccee7f3b-68d4-42d0-bf8e-167bf0e99e08/0032,4
ccee7f3b-68d4-42d0-bf8e-167bf0e99e08/0051,3
ccee7f3b-68d4-42d0-bf8e-167bf0e99e08/0034,6
ccee7f3b-68d4-42d0-bf8e-167bf0e99e08/0056,2
ccee7f3b-68d4-42d0-bf8e-167bf0e99e08/0064,1
ccee7f3b-68d4-42d0-bf8e-167bf0e99e08/0050,3
ccee7f3b-68d4-42d0-bf8e-167bf0e99e08/0011,0
ccee7f3b-68d4-42d0-bf8e-167bf0e99e08/0015,4
ccee7f3b-68d4-42d0-bf8e-167bf0e99e08/0001,1
ccee7f3b-68d4-42d0-bf8e-167bf0e99e08/0030,3
ccee7f3b-68d4-42d0-bf8e-167bf0e99e08/0058,3
ccee7f3b-68d4-42d0-bf8e-167bf0e99e08/0027,3
ccee7f3b-68d4-42d0-bf8e-167bf0e99e08/0010,2
ccee7f3b-68d4-42d0-bf8e-167bf0e99e08/0043,5
0815cc1e-9a0c-4875-a5ca-784ef1a32bba/0073,2
0815cc1e-9a0c-4875-a5ca-784ef1a32bba/0020,5
0815cc1e-9a0c-4875-a5ca-784ef1a32bba/0019,1
0815cc1e-9a0c-4875-a5ca-784ef1a32bba/0013,3
0815cc1e-9a0c-4875-a5ca-784ef1a32bba/0082,1
0815cc1e-9a0c-4875-a5ca-784ef1a32bba/0037,2
0815cc1e-9a0c-4875-a5ca-784ef1a32bba/0066,1
0815cc1e-9a0c-4875-a5ca-784ef1a32bba/0081,0
0815cc1e-9a0c-4875-a5ca-784ef1a32bba/0046,2
0815cc1e-9a0c-4875-a5ca-784ef1a32bba/0069,2
0815cc1e-9a0c-4875-a5ca-784ef1a32bba/0076,3
0815cc1e-9a0c-4875-a5ca-784ef1a32bba/0021,3
0815cc1e-9a0c-4875-a5ca-784ef1a32bba/0067,0
0815cc1e-9a0c-4875-a5ca-784ef1a32bba/0042,2
0815cc1e-9a0c-4875-a5ca-784ef1a32bba/0031,3
0815cc1e-9a0c-4875-a5ca-784ef1a32bba/0057,4
0815cc1e-9a0c-4875-a5ca-784ef1a32bba/0038,4
0815cc1e-9a0c-4875-a5ca-784ef1a32bba/0065,0
0815cc1e-9a0c-4875-a5ca-784ef1a32bba/0016,2
0815cc1e-9a0c-4875-a5ca-784ef1a32bba/0083,1
0815cc1e-9a0c-4875-a5ca-784ef1a32bba/0080,1
0815cc1e-9a0c-4875-a5ca-784ef1a32bba/0055,4
0815cc1e-9a0c-4875-a5ca-784ef1a32bba/0079,1
0815cc1e-9a0c-4875-a5ca-784ef1a32bba/0049,3
0815cc1e-9a0c-4875-a5ca-784ef1a32bba/0062,1
0815cc1e-9a0c-4875-a5ca-784ef1a32bba/0072,6
0815cc1e-9a0c-4875-a5ca-784ef1a32bba/0054,4
0815cc1e-9a0c-4875-a5ca-784ef1a32bba/0028,1
0815cc1e-9a0c-4875-a5ca-784ef1a32bba/0084,0
0815cc1e-9a0c-4875-a5ca-784ef1a32bba/0053,4
0815cc1e-9a0c-4875-a5ca-784ef1a32bba/0003,3
0815cc1e-9a0c-4875-a5ca-784ef1a32bba/0071,0
0815cc1e-9a0c-4875-a5ca-784ef1a32bba/0000,2
0815cc1e-9a0c-4875-a5ca-784ef1a32bba/0036,4
0815cc1e-9a0c-4875-a5ca-784ef1a32bba/0074,5
0815cc1e-9a0c-4875-a5ca-784ef1a32bba/0041,1
0815cc1e-9a0c-4875-a5ca-784ef1a32bba/0007,2
0815cc1e-9a0c-4875-a5ca-784ef1a32bba/0004,2
0815cc1e-9a0c-4875-a5ca-784ef1a32bba/0052,4
0815cc1e-9a0c-4875-a5ca-784ef1a32bba/0077,2
0815cc1e-9a0c-4875-a5ca-784ef1a32bba/0022,3
0815cc1e-9a0c-4875-a5ca-784ef1a32bba/0033,1
0815cc1e-9a0c-4875-a5ca-784ef1a32bba/0006,3
0815cc1e-9a0c-4875-a5ca-784ef1a32bba/0047,3
0815cc1e-9a0c-4875-a5ca-784ef1a32bba/0045,2
0815cc1e-9a0c-4875-a5ca-784ef1a32bba/0068,2
0815cc1e-9a0c-4875-a5ca-784ef1a32bba/0040,1
0815cc1e-9a0c-4875-a5ca-784ef1a32bba/0078,3
0815cc1e-9a0c-4875-a5ca-784ef1a32bba/0048,2
0815cc1e-9a0c-4875-a5ca-784ef1a32bba/0061,1
0815cc1e-9a0c-4875-a5ca-784ef1a32bba/0023,3
0815cc1e-9a0c-4875-a5ca-784ef1a32bba/0008,1
0815cc1e-9a0c-4875-a5ca-784ef1a32bba/0075,4
0815cc1e-9a0c-4875-a5ca-784ef1a32bba/0025,3
0815cc1e-9a0c-4875-a5ca-784ef1a32bba/0024,1
0815cc1e-9a0c-4875-a5ca-784ef1a32bba/0063,0
0815cc1e-9a0c-4875-a5ca-784ef1a32bba/0012,3
0815cc1e-9a0c-4875-a5ca-784ef1a32bba/0018,1
0815cc1e-9a0c-4875-a5ca-784ef1a32bba/0044,3
0815cc1e-9a0c-4875-a5ca-784ef1a32bba/0026,4
0815cc1e-9a0c-4875-a5ca-784ef1a32bba/0060,0
0815cc1e-9a0c-4875-a5ca-784ef1a32bba/0009,2
0815cc1e-9a0c-4875-a5ca-784ef1a32bba/0017,1
0815cc1e-9a0c-4875-a5ca-784ef1a32bba/0029,1
0815cc1e-9a0c-4875-a5ca-784ef1a32bba/0014,2
0815cc1e-9a0c-4875-a5ca-784ef1a32bba/0035,4
0815cc1e-9a0c-4875-a5ca-784ef1a32bba/0002,1
0815cc1e-9a0c-4875-a5ca-784ef1a32bba/0032,3
0815cc1e-9a0c-4875-a5ca-784ef1a32bba/0051,3
0815cc1e-9a0c-4875-a5ca-784ef1a32bba/0034,1
0815cc1e-9a0c-4875-a5ca-784ef1a32bba/0056,3
0815cc1e-9a0c-4875-a5ca-784ef1a32bba/0064,0
0815cc1e-9a0c-4875-a5ca-784ef1a32bba/0050,5
0815cc1e-9a0c-4875-a5ca-784ef1a32bba/0011,4
0815cc1e-9a0c-4875-a5ca-784ef1a32bba/0015,4
0815cc1e-9a0c-4875-a5ca-784ef1a32bba/0001,2
0815cc1e-9a0c-4875-a5ca-784ef1a32bba/0030,5
0815cc1e-9a0c-4875-a5ca-784ef1a32bba/0058,2
0815cc1e-9a0c-4875-a5ca-784ef1a32bba/0027,3
0815cc1e-9a0c-4875-a5ca-784ef1a32bba/0010,2
0815cc1e-9a0c-4875-a5ca-784ef1a32bba/0043,3
b89ca3c0-b361-43f8-b261-ab7eabe8eabf/0019,1
b89ca3c0-b361-43f8-b261-ab7eabe8eabf/0013,2
b89ca3c0-b361-43f8-b261-ab7eabe8eabf/0037,2
b89ca3c0-b361-43f8-b261-ab7eabe8eabf/0066,5
b89ca3c0-b361-43f8-b261-ab7eabe8eabf/0046,4
b89ca3c0-b361-43f8-b261-ab7eabe8eabf/0069,3
b89ca3c0-b361-43f8-b261-ab7eabe8eabf/0076,5
b89ca3c0-b361-43f8-b261-ab7eabe8eabf/0021,1
b89ca3c0-b361-43f8-b261-ab7eabe8eabf/0067,5
b89ca3c0-b361-43f8-b261-ab7eabe8eabf/0005,1
b89ca3c0-b361-43f8-b261-ab7eabe8eabf/0042,3
b89ca3c0-b361-43f8-b261-ab7eabe8eabf/0031,6
b89ca3c0-b361-43f8-b261-ab7eabe8eabf/0057,3
b89ca3c0-b361-43f8-b261-ab7eabe8eabf/0038,2
b89ca3c0-b361-43f8-b261-ab7eabe8eabf/0065,5
b89ca3c0-b361-43f8-b261-ab7eabe8eabf/0016,0
b89ca3c0-b361-43f8-b261-ab7eabe8eabf/0039,2
b89ca3c0-b361-43f8-b261-ab7eabe8eabf/0080,1
b89ca3c0-b361-43f8-b261-ab7eabe8eabf/0055,3
b89ca3c0-b361-43f8-b261-ab7eabe8eabf/0079,2
b89ca3c0-b361-43f8-b261-ab7eabe8eabf/0049,1
b89ca3c0-b361-43f8-b261-ab7eabe8eabf/0062,1
b89ca3c0-b361-43f8-b261-ab7eabe8eabf/0072,1
b89ca3c0-b361-43f8-b261-ab7eabe8eabf/0054,3
b89ca3c0-b361-43f8-b261-ab7eabe8eabf/0028,5
b89ca3c0-b361-43f8-b261-ab7eabe8eabf/0053,4
b89ca3c0-b361-43f8-b261-ab7eabe8eabf/0003,1
b89ca3c0-b361-43f8-b261-ab7eabe8eabf/0071,1
b89ca3c0-b361-43f8-b261-ab7eabe8eabf/0000,1
b89ca3c0-b361-43f8-b261-ab7eabe8eabf/0036,2
b89ca3c0-b361-43f8-b261-ab7eabe8eabf/0074,2
b89ca3c0-b361-43f8-b261-ab7eabe8eabf/0059,4
b89ca3c0-b361-43f8-b261-ab7eabe8eabf/0041,5
b89ca3c0-b361-43f8-b261-ab7eabe8eabf/0007,1
b89ca3c0-b361-43f8-b261-ab7eabe8eabf/0004,1
b89ca3c0-b361-43f8-b261-ab7eabe8eabf/0052,1
b89ca3c0-b361-43f8-b261-ab7eabe8eabf/0077,5
b89ca3c0-b361-43f8-b261-ab7eabe8eabf/0022,0
b89ca3c0-b361-43f8-b261-ab7eabe8eabf/0033,6
b89ca3c0-b361-43f8-b261-ab7eabe8eabf/0006,3
b89ca3c0-b361-43f8-b261-ab7eabe8eabf/0047,2
b89ca3c0-b361-43f8-b261-ab7eabe8eabf/0045,3
b89ca3c0-b361-43f8-b261-ab7eabe8eabf/0068,4
b89ca3c0-b361-43f8-b261-ab7eabe8eabf/0040,3
b89ca3c0-b361-43f8-b261-ab7eabe8eabf/0078,3
b89ca3c0-b361-43f8-b261-ab7eabe8eabf/0048,3
b89ca3c0-b361-43f8-b261-ab7eabe8eabf/0061,4
b89ca3c0-b361-43f8-b261-ab7eabe8eabf/0023,2
b89ca3c0-b361-43f8-b261-ab7eabe8eabf/0008,3
b89ca3c0-b361-43f8-b261-ab7eabe8eabf/0075,5
b89ca3c0-b361-43f8-b261-ab7eabe8eabf/0025,4
b89ca3c0-b361-43f8-b261-ab7eabe8eabf/0024,3
b89ca3c0-b361-43f8-b261-ab7eabe8eabf/0063,4
b89ca3c0-b361-43f8-b261-ab7eabe8eabf/0012,2
b89ca3c0-b361-43f8-b261-ab7eabe8eabf/0018,1
b89ca3c0-b361-43f8-b261-ab7eabe8eabf/0070,5
b89ca3c0-b361-43f8-b261-ab7eabe8eabf/0044,3
b89ca3c0-b361-43f8-b261-ab7eabe8eabf/0026,3
b89ca3c0-b361-43f8-b261-ab7eabe8eabf/0060,3
b89ca3c0-b361-43f8-b261-ab7eabe8eabf/0009,1
b89ca3c0-b361-43f8-b261-ab7eabe8eabf/0017,3
b89ca3c0-b361-43f8-b261-ab7eabe8eabf/0029,4
b89ca3c0-b361-43f8-b261-ab7eabe8eabf/0014,3
b89ca3c0-b361-43f8-b261-ab7eabe8eabf/0035,4
b89ca3c0-b361-43f8-b261-ab7eabe8eabf/0002,1
b89ca3c0-b361-43f8-b261-ab7eabe8eabf/0032,8
b89ca3c0-b361-43f8-b261-ab7eabe8eabf/0051,2
b89ca3c0-b361-43f8-b261-ab7eabe8eabf/0034,5
b89ca3c0-b361-43f8-b261-ab7eabe8eabf/0056,3
b89ca3c0-b361-43f8-b261-ab7eabe8eabf/0064,4
b89ca3c0-b361-43f8-b261-ab7eabe8eabf/0050,0
b89ca3c0-b361-43f8-b261-ab7eabe8eabf/0011,1
b89ca3c0-b361-43f8-b261-ab7eabe8eabf/0015,1
b89ca3c0-b361-43f8-b261-ab7eabe8eabf/0001,2
b89ca3c0-b361-43f8-b261-ab7eabe8eabf/0030,4
b89ca3c0-b361-43f8-b261-ab7eabe8eabf/0058,3
b89ca3c0-b361-43f8-b261-ab7eabe8eabf/0027,4
b89ca3c0-b361-43f8-b261-ab7eabe8eabf/0010,1
b89ca3c0-b361-43f8-b261-ab7eabe8eabf/0043,4
747b48b8-ba5f-4ac8-bef2-47927f08ab60/0073,1
747b48b8-ba5f-4ac8-bef2-47927f08ab60/0020,1
747b48b8-ba5f-4ac8-bef2-47927f08ab60/0019,2
747b48b8-ba5f-4ac8-bef2-47927f08ab60/0013,2
747b48b8-ba5f-4ac8-bef2-47927f08ab60/0082,2
747b48b8-ba5f-4ac8-bef2-47927f08ab60/0037,1
747b48b8-ba5f-4ac8-bef2-47927f08ab60/0066,2
747b48b8-ba5f-4ac8-bef2-47927f08ab60/0081,2
747b48b8-ba5f-4ac8-bef2-47927f08ab60/0046,1
747b48b8-ba5f-4ac8-bef2-47927f08ab60/0085,1
747b48b8-ba5f-4ac8-bef2-47927f08ab60/0069,2
747b48b8-ba5f-4ac8-bef2-47927f08ab60/0076,3
747b48b8-ba5f-4ac8-bef2-47927f08ab60/0021,1
747b48b8-ba5f-4ac8-bef2-47927f08ab60/0067,2
747b48b8-ba5f-4ac8-bef2-47927f08ab60/0005,4
747b48b8-ba5f-4ac8-bef2-47927f08ab60/0031,1
747b48b8-ba5f-4ac8-bef2-47927f08ab60/0057,2
747b48b8-ba5f-4ac8-bef2-47927f08ab60/0038,1
747b48b8-ba5f-4ac8-bef2-47927f08ab60/0093,2
747b48b8-ba5f-4ac8-bef2-47927f08ab60/0065,2
747b48b8-ba5f-4ac8-bef2-47927f08ab60/0016,1
747b48b8-ba5f-4ac8-bef2-47927f08ab60/0083,1
747b48b8-ba5f-4ac8-bef2-47927f08ab60/0039,1
747b48b8-ba5f-4ac8-bef2-47927f08ab60/0080,2
747b48b8-ba5f-4ac8-bef2-47927f08ab60/0055,2
747b48b8-ba5f-4ac8-bef2-47927f08ab60/0089,1
747b48b8-ba5f-4ac8-bef2-47927f08ab60/0079,2
747b48b8-ba5f-4ac8-bef2-47927f08ab60/0049,1
747b48b8-ba5f-4ac8-bef2-47927f08ab60/0062,1
747b48b8-ba5f-4ac8-bef2-47927f08ab60/0072,1
747b48b8-ba5f-4ac8-bef2-47927f08ab60/0054,2
747b48b8-ba5f-4ac8-bef2-47927f08ab60/0028,0
747b48b8-ba5f-4ac8-bef2-47927f08ab60/0084,1
747b48b8-ba5f-4ac8-bef2-47927f08ab60/0053,2
747b48b8-ba5f-4ac8-bef2-47927f08ab60/0003,3
747b48b8-ba5f-4ac8-bef2-47927f08ab60/0071,1
747b48b8-ba5f-4ac8-bef2-47927f08ab60/0000,6
747b48b8-ba5f-4ac8-bef2-47927f08ab60/0036,0
747b48b8-ba5f-4ac8-bef2-47927f08ab60/0095,2
747b48b8-ba5f-4ac8-bef2-47927f08ab60/0074,2
747b48b8-ba5f-4ac8-bef2-47927f08ab60/0059,3
747b48b8-ba5f-4ac8-bef2-47927f08ab60/0041,1
747b48b8-ba5f-4ac8-bef2-47927f08ab60/0007,2
747b48b8-ba5f-4ac8-bef2-47927f08ab60/0004,2
747b48b8-ba5f-4ac8-bef2-47927f08ab60/0052,2
747b48b8-ba5f-4ac8-bef2-47927f08ab60/0087,4
747b48b8-ba5f-4ac8-bef2-47927f08ab60/0077,3
747b48b8-ba5f-4ac8-bef2-47927f08ab60/0086,4
747b48b8-ba5f-4ac8-bef2-47927f08ab60/0022,3
747b48b8-ba5f-4ac8-bef2-47927f08ab60/0033,1
747b48b8-ba5f-4ac8-bef2-47927f08ab60/0006,5
747b48b8-ba5f-4ac8-bef2-47927f08ab60/0047,1
747b48b8-ba5f-4ac8-bef2-47927f08ab60/0045,1
747b48b8-ba5f-4ac8-bef2-47927f08ab60/0068,1
747b48b8-ba5f-4ac8-bef2-47927f08ab60/0040,2
747b48b8-ba5f-4ac8-bef2-47927f08ab60/0078,1
747b48b8-ba5f-4ac8-bef2-47927f08ab60/0092,2
747b48b8-ba5f-4ac8-bef2-47927f08ab60/0048,1
747b48b8-ba5f-4ac8-bef2-47927f08ab60/0061,4
747b48b8-ba5f-4ac8-bef2-47927f08ab60/0023,1
747b48b8-ba5f-4ac8-bef2-47927f08ab60/0008,3
747b48b8-ba5f-4ac8-bef2-47927f08ab60/0075,2
747b48b8-ba5f-4ac8-bef2-47927f08ab60/0025,1
747b48b8-ba5f-4ac8-bef2-47927f08ab60/0024,1
747b48b8-ba5f-4ac8-bef2-47927f08ab60/0063,2
747b48b8-ba5f-4ac8-bef2-47927f08ab60/0012,5
747b48b8-ba5f-4ac8-bef2-47927f08ab60/0018,1
747b48b8-ba5f-4ac8-bef2-47927f08ab60/0070,1
747b48b8-ba5f-4ac8-bef2-47927f08ab60/0044,1
747b48b8-ba5f-4ac8-bef2-47927f08ab60/0026,2
747b48b8-ba5f-4ac8-bef2-47927f08ab60/0060,3
747b48b8-ba5f-4ac8-bef2-47927f08ab60/0009,2
747b48b8-ba5f-4ac8-bef2-47927f08ab60/0017,1
747b48b8-ba5f-4ac8-bef2-47927f08ab60/0014,3
747b48b8-ba5f-4ac8-bef2-47927f08ab60/0035,0
747b48b8-ba5f-4ac8-bef2-47927f08ab60/0091,2
747b48b8-ba5f-4ac8-bef2-47927f08ab60/0002,2
747b48b8-ba5f-4ac8-bef2-47927f08ab60/0088,2
747b48b8-ba5f-4ac8-bef2-47927f08ab60/0051,2
747b48b8-ba5f-4ac8-bef2-47927f08ab60/0034,0
747b48b8-ba5f-4ac8-bef2-47927f08ab60/0056,2
747b48b8-ba5f-4ac8-bef2-47927f08ab60/0064,3
747b48b8-ba5f-4ac8-bef2-47927f08ab60/0050,0
747b48b8-ba5f-4ac8-bef2-47927f08ab60/0094,1
747b48b8-ba5f-4ac8-bef2-47927f08ab60/0090,2
747b48b8-ba5f-4ac8-bef2-47927f08ab60/0011,2
747b48b8-ba5f-4ac8-bef2-47927f08ab60/0015,6
747b48b8-ba5f-4ac8-bef2-47927f08ab60/0001,6
747b48b8-ba5f-4ac8-bef2-47927f08ab60/0030,1
747b48b8-ba5f-4ac8-bef2-47927f08ab60/0058,1
747b48b8-ba5f-4ac8-bef2-47927f08ab60/0027,2
747b48b8-ba5f-4ac8-bef2-47927f08ab60/0010,2
747b48b8-ba5f-4ac8-bef2-47927f08ab60/0043,2
354dec7e-0a1a-4aea-bf5a-29c4242f6b67/0020,4
354dec7e-0a1a-4aea-bf5a-29c4242f6b67/0019,4
354dec7e-0a1a-4aea-bf5a-29c4242f6b67/0013,5
354dec7e-0a1a-4aea-bf5a-29c4242f6b67/0037,6
354dec7e-0a1a-4aea-bf5a-29c4242f6b67/0066,6
354dec7e-0a1a-4aea-bf5a-29c4242f6b67/0046,5
354dec7e-0a1a-4aea-bf5a-29c4242f6b67/0069,6
354dec7e-0a1a-4aea-bf5a-29c4242f6b67/0021,5
354dec7e-0a1a-4aea-bf5a-29c4242f6b67/0067,6
354dec7e-0a1a-4aea-bf5a-29c4242f6b67/0005,12
354dec7e-0a1a-4aea-bf5a-29c4242f6b67/0042,5
354dec7e-0a1a-4aea-bf5a-29c4242f6b67/0031,6
354dec7e-0a1a-4aea-bf5a-29c4242f6b67/0057,8
354dec7e-0a1a-4aea-bf5a-29c4242f6b67/0038,6
354dec7e-0a1a-4aea-bf5a-29c4242f6b67/0065,6
354dec7e-0a1a-4aea-bf5a-29c4242f6b67/0016,8
354dec7e-0a1a-4aea-bf5a-29c4242f6b67/0039,5
354dec7e-0a1a-4aea-bf5a-29c4242f6b67/0055,5
354dec7e-0a1a-4aea-bf5a-29c4242f6b67/0049,6
354dec7e-0a1a-4aea-bf5a-29c4242f6b67/0062,6
354dec7e-0a1a-4aea-bf5a-29c4242f6b67/0054,6
354dec7e-0a1a-4aea-bf5a-29c4242f6b67/0028,6
354dec7e-0a1a-4aea-bf5a-29c4242f6b67/0053,5
354dec7e-0a1a-4aea-bf5a-29c4242f6b67/0003,7
354dec7e-0a1a-4aea-bf5a-29c4242f6b67/0000,6
354dec7e-0a1a-4aea-bf5a-29c4242f6b67/0036,6
354dec7e-0a1a-4aea-bf5a-29c4242f6b67/0059,5
354dec7e-0a1a-4aea-bf5a-29c4242f6b67/0041,6
354dec7e-0a1a-4aea-bf5a-29c4242f6b67/0007,5
354dec7e-0a1a-4aea-bf5a-29c4242f6b67/0004,8
354dec7e-0a1a-4aea-bf5a-29c4242f6b67/0052,6
354dec7e-0a1a-4aea-bf5a-29c4242f6b67/0022,7
354dec7e-0a1a-4aea-bf5a-29c4242f6b67/0033,5
354dec7e-0a1a-4aea-bf5a-29c4242f6b67/0006,8
354dec7e-0a1a-4aea-bf5a-29c4242f6b67/0047,6
354dec7e-0a1a-4aea-bf5a-29c4242f6b67/0045,6
354dec7e-0a1a-4aea-bf5a-29c4242f6b67/0068,5
354dec7e-0a1a-4aea-bf5a-29c4242f6b67/0040,5
354dec7e-0a1a-4aea-bf5a-29c4242f6b67/0048,6
354dec7e-0a1a-4aea-bf5a-29c4242f6b67/0061,5
354dec7e-0a1a-4aea-bf5a-29c4242f6b67/0023,5
354dec7e-0a1a-4aea-bf5a-29c4242f6b67/0008,5
354dec7e-0a1a-4aea-bf5a-29c4242f6b67/0025,6
354dec7e-0a1a-4aea-bf5a-29c4242f6b67/0024,5
354dec7e-0a1a-4aea-bf5a-29c4242f6b67/0063,6
354dec7e-0a1a-4aea-bf5a-29c4242f6b67/0012,6
354dec7e-0a1a-4aea-bf5a-29c4242f6b67/0018,5
354dec7e-0a1a-4aea-bf5a-29c4242f6b67/0044,7
354dec7e-0a1a-4aea-bf5a-29c4242f6b67/0026,6
354dec7e-0a1a-4aea-bf5a-29c4242f6b67/0060,5
354dec7e-0a1a-4aea-bf5a-29c4242f6b67/0009,9
354dec7e-0a1a-4aea-bf5a-29c4242f6b67/0017,7
354dec7e-0a1a-4aea-bf5a-29c4242f6b67/0029,7
354dec7e-0a1a-4aea-bf5a-29c4242f6b67/0014,6
354dec7e-0a1a-4aea-bf5a-29c4242f6b67/0035,6
354dec7e-0a1a-4aea-bf5a-29c4242f6b67/0002,6
354dec7e-0a1a-4aea-bf5a-29c4242f6b67/0032,5
354dec7e-0a1a-4aea-bf5a-29c4242f6b67/0051,6
354dec7e-0a1a-4aea-bf5a-29c4242f6b67/0034,6
354dec7e-0a1a-4aea-bf5a-29c4242f6b67/0056,6
354dec7e-0a1a-4aea-bf5a-29c4242f6b67/0064,6
354dec7e-0a1a-4aea-bf5a-29c4242f6b67/0050,6
354dec7e-0a1a-4aea-bf5a-29c4242f6b67/0011,7
354dec7e-0a1a-4aea-bf5a-29c4242f6b67/0015,7
354dec7e-0a1a-4aea-bf5a-29c4242f6b67/0001,7
354dec7e-0a1a-4aea-bf5a-29c4242f6b67/0030,6
354dec7e-0a1a-4aea-bf5a-29c4242f6b67/0058,5
354dec7e-0a1a-4aea-bf5a-29c4242f6b67/0027,7
354dec7e-0a1a-4aea-bf5a-29c4242f6b67/0010,6
354dec7e-0a1a-4aea-bf5a-29c4242f6b67/0043,5
21466ee9-c1b6-4699-afcc-84128f8d0b1e/0073,3
21466ee9-c1b6-4699-afcc-84128f8d0b1e/0020,2
21466ee9-c1b6-4699-afcc-84128f8d0b1e/0019,2
21466ee9-c1b6-4699-afcc-84128f8d0b1e/0013,1
21466ee9-c1b6-4699-afcc-84128f8d0b1e/0037,1
21466ee9-c1b6-4699-afcc-84128f8d0b1e/0066,2
21466ee9-c1b6-4699-afcc-84128f8d0b1e/0046,1
21466ee9-c1b6-4699-afcc-84128f8d0b1e/0069,3
21466ee9-c1b6-4699-afcc-84128f8d0b1e/0076,2
21466ee9-c1b6-4699-afcc-84128f8d0b1e/0021,2
21466ee9-c1b6-4699-afcc-84128f8d0b1e/0067,2
21466ee9-c1b6-4699-afcc-84128f8d0b1e/0005,1
21466ee9-c1b6-4699-afcc-84128f8d0b1e/0042,1
21466ee9-c1b6-4699-afcc-84128f8d0b1e/0031,3
21466ee9-c1b6-4699-afcc-84128f8d0b1e/0057,3
21466ee9-c1b6-4699-afcc-84128f8d0b1e/0038,1
21466ee9-c1b6-4699-afcc-84128f8d0b1e/0065,2
21466ee9-c1b6-4699-afcc-84128f8d0b1e/0016,2
21466ee9-c1b6-4699-afcc-84128f8d0b1e/0039,2
21466ee9-c1b6-4699-afcc-84128f8d0b1e/0080,1
21466ee9-c1b6-4699-afcc-84128f8d0b1e/0055,2
21466ee9-c1b6-4699-afcc-84128f8d0b1e/0079,1
21466ee9-c1b6-4699-afcc-84128f8d0b1e/0049,1
21466ee9-c1b6-4699-afcc-84128f8d0b1e/0062,3
21466ee9-c1b6-4699-afcc-84128f8d0b1e/0072,3
21466ee9-c1b6-4699-afcc-84128f8d0b1e/0054,2
21466ee9-c1b6-4699-afcc-84128f8d0b1e/0028,2
21466ee9-c1b6-4699-afcc-84128f8d0b1e/0053,1
21466ee9-c1b6-4699-afcc-84128f8d0b1e/0003,3
21466ee9-c1b6-4699-afcc-84128f8d0b1e/0071,2
21466ee9-c1b6-4699-afcc-84128f8d0b1e/0000,5
21466ee9-c1b6-4699-afcc-84128f8d0b1e/0036,2
21466ee9-c1b6-4699-afcc-84128f8d0b1e/0074,3
21466ee9-c1b6-4699-afcc-84128f8d0b1e/0059,1
21466ee9-c1b6-4699-afcc-84128f8d0b1e/0041,2
21466ee9-c1b6-4699-afcc-84128f8d0b1e/0007,2
21466ee9-c1b6-4699-afcc-84128f8d0b1e/0004,2
21466ee9-c1b6-4699-afcc-84128f8d0b1e/0052,1
21466ee9-c1b6-4699-afcc-84128f8d0b1e/0077,2
21466ee9-c1b6-4699-afcc-84128f8d0b1e/0022,2
21466ee9-c1b6-4699-afcc-84128f8d0b1e/0033,2
21466ee9-c1b6-4699-afcc-84128f8d0b1e/0006,2
21466ee9-c1b6-4699-afcc-84128f8d0b1e/0047,1
21466ee9-c1b6-4699-afcc-84128f8d0b1e/0045,1
21466ee9-c1b6-4699-afcc-84128f8d0b1e/0068,2
21466ee9-c1b6-4699-afcc-84128f8d0b1e/0040,3
21466ee9-c1b6-4699-afcc-84128f8d0b1e/0078,1
21466ee9-c1b6-4699-afcc-84128f8d0b1e/0048,1
21466ee9-c1b6-4699-afcc-84128f8d0b1e/0061,3
21466ee9-c1b6-4699-afcc-84128f8d0b1e/0023,2
21466ee9-c1b6-4699-afcc-84128f8d0b1e/0008,3
21466ee9-c1b6-4699-afcc-84128f8d0b1e/0075,2
21466ee9-c1b6-4699-afcc-84128f8d0b1e/0025,4
21466ee9-c1b6-4699-afcc-84128f8d0b1e/0024,1
21466ee9-c1b6-4699-afcc-84128f8d0b1e/0063,2
21466ee9-c1b6-4699-afcc-84128f8d0b1e/0012,2
21466ee9-c1b6-4699-afcc-84128f8d0b1e/0018,2
21466ee9-c1b6-4699-afcc-84128f8d0b1e/0070,1
21466ee9-c1b6-4699-afcc-84128f8d0b1e/0044,2
21466ee9-c1b6-4699-afcc-84128f8d0b1e/0026,4
21466ee9-c1b6-4699-afcc-84128f8d0b1e/0060,2
21466ee9-c1b6-4699-afcc-84128f8d0b1e/0009,2
21466ee9-c1b6-4699-afcc-84128f8d0b1e/0017,1
21466ee9-c1b6-4699-afcc-84128f8d0b1e/0029,3
21466ee9-c1b6-4699-afcc-84128f8d0b1e/0014,4
21466ee9-c1b6-4699-afcc-84128f8d0b1e/0035,2
21466ee9-c1b6-4699-afcc-84128f8d0b1e/0002,3
21466ee9-c1b6-4699-afcc-84128f8d0b1e/0032,4
21466ee9-c1b6-4699-afcc-84128f8d0b1e/0051,1
21466ee9-c1b6-4699-afcc-84128f8d0b1e/0034,2
21466ee9-c1b6-4699-afcc-84128f8d0b1e/0056,4
21466ee9-c1b6-4699-afcc-84128f8d0b1e/0064,2
21466ee9-c1b6-4699-afcc-84128f8d0b1e/0050,1
21466ee9-c1b6-4699-afcc-84128f8d0b1e/0011,2
21466ee9-c1b6-4699-afcc-84128f8d0b1e/0015,4
21466ee9-c1b6-4699-afcc-84128f8d0b1e/0001,5
21466ee9-c1b6-4699-afcc-84128f8d0b1e/0030,1
21466ee9-c1b6-4699-afcc-84128f8d0b1e/0058,1
21466ee9-c1b6-4699-afcc-84128f8d0b1e/0027,3
21466ee9-c1b6-4699-afcc-84128f8d0b1e/0010,2
21466ee9-c1b6-4699-afcc-84128f8d0b1e/0043,3
b7ff25f2-0e56-41ac-9af0-7f7a45659ffd/0073,2
b7ff25f2-0e56-41ac-9af0-7f7a45659ffd/0020,4
b7ff25f2-0e56-41ac-9af0-7f7a45659ffd/0019,2
b7ff25f2-0e56-41ac-9af0-7f7a45659ffd/0013,3
b7ff25f2-0e56-41ac-9af0-7f7a45659ffd/0082,1
b7ff25f2-0e56-41ac-9af0-7f7a45659ffd/0037,1
b7ff25f2-0e56-41ac-9af0-7f7a45659ffd/0066,3
b7ff25f2-0e56-41ac-9af0-7f7a45659ffd/0081,1
b7ff25f2-0e56-41ac-9af0-7f7a45659ffd/0046,1
b7ff25f2-0e56-41ac-9af0-7f7a45659ffd/0069,2
b7ff25f2-0e56-41ac-9af0-7f7a45659ffd/0076,1
b7ff25f2-0e56-41ac-9af0-7f7a45659ffd/0021,2
b7ff25f2-0e56-41ac-9af0-7f7a45659ffd/0067,3
b7ff25f2-0e56-41ac-9af0-7f7a45659ffd/0005,1
b7ff25f2-0e56-41ac-9af0-7f7a45659ffd/0042,3
b7ff25f2-0e56-41ac-9af0-7f7a45659ffd/0031,2
b7ff25f2-0e56-41ac-9af0-7f7a45659ffd/0057,3
b7ff25f2-0e56-41ac-9af0-7f7a45659ffd/0038,1
b7ff25f2-0e56-41ac-9af0-7f7a45659ffd/0065,2
b7ff25f2-0e56-41ac-9af0-7f7a45659ffd/0016,1
b7ff25f2-0e56-41ac-9af0-7f7a45659ffd/0039,0
b7ff25f2-0e56-41ac-9af0-7f7a45659ffd/0080,2
b7ff25f2-0e56-41ac-9af0-7f7a45659ffd/0055,1
b7ff25f2-0e56-41ac-9af0-7f7a45659ffd/0079,1
b7ff25f2-0e56-41ac-9af0-7f7a45659ffd/0049,2
b7ff25f2-0e56-41ac-9af0-7f7a45659ffd/0062,3
b7ff25f2-0e56-41ac-9af0-7f7a45659ffd/0072,2
b7ff25f2-0e56-41ac-9af0-7f7a45659ffd/0054,1
b7ff25f2-0e56-41ac-9af0-7f7a45659ffd/0028,2
b7ff25f2-0e56-41ac-9af0-7f7a45659ffd/0053,1
b7ff25f2-0e56-41ac-9af0-7f7a45659ffd/0003,0
b7ff25f2-0e56-41ac-9af0-7f7a45659ffd/0071,2
b7ff25f2-0e56-41ac-9af0-7f7a45659ffd/0000,5
b7ff25f2-0e56-41ac-9af0-7f7a45659ffd/0036,2
b7ff25f2-0e56-41ac-9af0-7f7a45659ffd/0074,3
b7ff25f2-0e56-41ac-9af0-7f7a45659ffd/0059,3
b7ff25f2-0e56-41ac-9af0-7f7a45659ffd/0041,1
b7ff25f2-0e56-41ac-9af0-7f7a45659ffd/0007,0
b7ff25f2-0e56-41ac-9af0-7f7a45659ffd/0004,2
b7ff25f2-0e56-41ac-9af0-7f7a45659ffd/0052,3
b7ff25f2-0e56-41ac-9af0-7f7a45659ffd/0077,2
b7ff25f2-0e56-41ac-9af0-7f7a45659ffd/0022,3
b7ff25f2-0e56-41ac-9af0-7f7a45659ffd/0033,0
b7ff25f2-0e56-41ac-9af0-7f7a45659ffd/0006,2
b7ff25f2-0e56-41ac-9af0-7f7a45659ffd/0047,3
b7ff25f2-0e56-41ac-9af0-7f7a45659ffd/0045,2
b7ff25f2-0e56-41ac-9af0-7f7a45659ffd/0068,2
b7ff25f2-0e56-41ac-9af0-7f7a45659ffd/0040,1
b7ff25f2-0e56-41ac-9af0-7f7a45659ffd/0078,1
b7ff25f2-0e56-41ac-9af0-7f7a45659ffd/0048,4
b7ff25f2-0e56-41ac-9af0-7f7a45659ffd/0061,1
b7ff25f2-0e56-41ac-9af0-7f7a45659ffd/0023,2
b7ff25f2-0e56-41ac-9af0-7f7a45659ffd/0008,5
b7ff25f2-0e56-41ac-9af0-7f7a45659ffd/0075,3
b7ff25f2-0e56-41ac-9af0-7f7a45659ffd/0025,0
b7ff25f2-0e56-41ac-9af0-7f7a45659ffd/0024,1
b7ff25f2-0e56-41ac-9af0-7f7a45659ffd/0063,3
b7ff25f2-0e56-41ac-9af0-7f7a45659ffd/0012,6
b7ff25f2-0e56-41ac-9af0-7f7a45659ffd/0018,2
b7ff25f2-0e56-41ac-9af0-7f7a45659ffd/0070,1
b7ff25f2-0e56-41ac-9af0-7f7a45659ffd/0044,2
b7ff25f2-0e56-41ac-9af0-7f7a45659ffd/0026,3
b7ff25f2-0e56-41ac-9af0-7f7a45659ffd/0060,2
b7ff25f2-0e56-41ac-9af0-7f7a45659ffd/0009,2
b7ff25f2-0e56-41ac-9af0-7f7a45659ffd/0017,0
b7ff25f2-0e56-41ac-9af0-7f7a45659ffd/0029,1
b7ff25f2-0e56-41ac-9af0-7f7a45659ffd/0014,5
b7ff25f2-0e56-41ac-9af0-7f7a45659ffd/0035,2
b7ff25f2-0e56-41ac-9af0-7f7a45659ffd/0002,3
b7ff25f2-0e56-41ac-9af0-7f7a45659ffd/0032,1
b7ff25f2-0e56-41ac-9af0-7f7a45659ffd/0051,1
b7ff25f2-0e56-41ac-9af0-7f7a45659ffd/0034,3
b7ff25f2-0e56-41ac-9af0-7f7a45659ffd/0056,3
b7ff25f2-0e56-41ac-9af0-7f7a45659ffd/0064,1
b7ff25f2-0e56-41ac-9af0-7f7a45659ffd/0050,2
b7ff25f2-0e56-41ac-9af0-7f7a45659ffd/0011,6
b7ff25f2-0e56-41ac-9af0-7f7a45659ffd/0015,3
b7ff25f2-0e56-41ac-9af0-7f7a45659ffd/0001,4
b7ff25f2-0e56-41ac-9af0-7f7a45659ffd/0030,2
b7ff25f2-0e56-41ac-9af0-7f7a45659ffd/0058,2
b7ff25f2-0e56-41ac-9af0-7f7a45659ffd/0010,3
b7ff25f2-0e56-41ac-9af0-7f7a45659ffd/0043,2
6662fdd2-4512-4fce-84b0-717edcd5f54c/0020,3
6662fdd2-4512-4fce-84b0-717edcd5f54c/0019,1
6662fdd2-4512-4fce-84b0-717edcd5f54c/0013,1
6662fdd2-4512-4fce-84b0-717edcd5f54c/0037,0
6662fdd2-4512-4fce-84b0-717edcd5f54c/0066,1
6662fdd2-4512-4fce-84b0-717edcd5f54c/0046,1
6662fdd2-4512-4fce-84b0-717edcd5f54c/0021,3
6662fdd2-4512-4fce-84b0-717edcd5f54c/0067,2
6662fdd2-4512-4fce-84b0-717edcd5f54c/0005,1
6662fdd2-4512-4fce-84b0-717edcd5f54c/0042,3
6662fdd2-4512-4fce-84b0-717edcd5f54c/0031,1
6662fdd2-4512-4fce-84b0-717edcd5f54c/0057,1
6662fdd2-4512-4fce-84b0-717edcd5f54c/0038,4
6662fdd2-4512-4fce-84b0-717edcd5f54c/0065,1
6662fdd2-4512-4fce-84b0-717edcd5f54c/0016,1
6662fdd2-4512-4fce-84b0-717edcd5f54c/0039,4
6662fdd2-4512-4fce-84b0-717edcd5f54c/0055,1
6662fdd2-4512-4fce-84b0-717edcd5f54c/0049,0
6662fdd2-4512-4fce-84b0-717edcd5f54c/0062,1
6662fdd2-4512-4fce-84b0-717edcd5f54c/0054,1
6662fdd2-4512-4fce-84b0-717edcd5f54c/0028,1
6662fdd2-4512-4fce-84b0-717edcd5f54c/0053,1
6662fdd2-4512-4fce-84b0-717edcd5f54c/0003,2
6662fdd2-4512-4fce-84b0-717edcd5f54c/0000,0
6662fdd2-4512-4fce-84b0-717edcd5f54c/0036,2
6662fdd2-4512-4fce-84b0-717edcd5f54c/0059,1
6662fdd2-4512-4fce-84b0-717edcd5f54c/0041,3
6662fdd2-4512-4fce-84b0-717edcd5f54c/0007,1
6662fdd2-4512-4fce-84b0-717edcd5f54c/0004,1
6662fdd2-4512-4fce-84b0-717edcd5f54c/0052,1
6662fdd2-4512-4fce-84b0-717edcd5f54c/0022,1
6662fdd2-4512-4fce-84b0-717edcd5f54c/0033,0
6662fdd2-4512-4fce-84b0-717edcd5f54c/0006,2
6662fdd2-4512-4fce-84b0-717edcd5f54c/0045,1
6662fdd2-4512-4fce-84b0-717edcd5f54c/0040,2
6662fdd2-4512-4fce-84b0-717edcd5f54c/0048,0
6662fdd2-4512-4fce-84b0-717edcd5f54c/0061,1
6662fdd2-4512-4fce-84b0-717edcd5f54c/0008,4
6662fdd2-4512-4fce-84b0-717edcd5f54c/0024,0
6662fdd2-4512-4fce-84b0-717edcd5f54c/0063,1
6662fdd2-4512-4fce-84b0-717edcd5f54c/0012,1
6662fdd2-4512-4fce-84b0-717edcd5f54c/0018,1
6662fdd2-4512-4fce-84b0-717edcd5f54c/0070,2
6662fdd2-4512-4fce-84b0-717edcd5f54c/0044,2
6662fdd2-4512-4fce-84b0-717edcd5f54c/0026,0
6662fdd2-4512-4fce-84b0-717edcd5f54c/0060,1
6662fdd2-4512-4fce-84b0-717edcd5f54c/0009,1
6662fdd2-4512-4fce-84b0-717edcd5f54c/0017,1
6662fdd2-4512-4fce-84b0-717edcd5f54c/0029,0
6662fdd2-4512-4fce-84b0-717edcd5f54c/0014,1
6662fdd2-4512-4fce-84b0-717edcd5f54c/0035,3
6662fdd2-4512-4fce-84b0-717edcd5f54c/0002,1
6662fdd2-4512-4fce-84b0-717edcd5f54c/0032,0
6662fdd2-4512-4fce-84b0-717edcd5f54c/0051,1
6662fdd2-4512-4fce-84b0-717edcd5f54c/0056,1
6662fdd2-4512-4fce-84b0-717edcd5f54c/0064,1
6662fdd2-4512-4fce-84b0-717edcd5f54c/0050,2
6662fdd2-4512-4fce-84b0-717edcd5f54c/0011,3
6662fdd2-4512-4fce-84b0-717edcd5f54c/0015,1
6662fdd2-4512-4fce-84b0-717edcd5f54c/0001,2
6662fdd2-4512-4fce-84b0-717edcd5f54c/0030,1
6662fdd2-4512-4fce-84b0-717edcd5f54c/0027,0
6662fdd2-4512-4fce-84b0-717edcd5f54c/0010,1
6662fdd2-4512-4fce-84b0-717edcd5f54c/0043,0
96819215-c1ca-476c-8443-b30ddb8f01f3/0073,5
96819215-c1ca-476c-8443-b30ddb8f01f3/0019,1
96819215-c1ca-476c-8443-b30ddb8f01f3/0082,2
96819215-c1ca-476c-8443-b30ddb8f01f3/0037,3
96819215-c1ca-476c-8443-b30ddb8f01f3/0066,2
96819215-c1ca-476c-8443-b30ddb8f01f3/0081,2
96819215-c1ca-476c-8443-b30ddb8f01f3/0046,1
96819215-c1ca-476c-8443-b30ddb8f01f3/0085,2
96819215-c1ca-476c-8443-b30ddb8f01f3/0069,0
96819215-c1ca-476c-8443-b30ddb8f01f3/0076,4
96819215-c1ca-476c-8443-b30ddb8f01f3/0067,2
96819215-c1ca-476c-8443-b30ddb8f01f3/0042,3
96819215-c1ca-476c-8443-b30ddb8f01f3/0057,2
96819215-c1ca-476c-8443-b30ddb8f01f3/0038,2
96819215-c1ca-476c-8443-b30ddb8f01f3/0093,5
96819215-c1ca-476c-8443-b30ddb8f01f3/0065,2
96819215-c1ca-476c-8443-b30ddb8f01f3/0083,2
96819215-c1ca-476c-8443-b30ddb8f01f3/0039,1
96819215-c1ca-476c-8443-b30ddb8f01f3/0080,2
96819215-c1ca-476c-8443-b30ddb8f01f3/0055,4
96819215-c1ca-476c-8443-b30ddb8f01f3/0089,5
96819215-c1ca-476c-8443-b30ddb8f01f3/0079,2
96819215-c1ca-476c-8443-b30ddb8f01f3/0049,4
96819215-c1ca-476c-8443-b30ddb8f01f3/0062,2
96819215-c1ca-476c-8443-b30ddb8f01f3/0072,5
96819215-c1ca-476c-8443-b30ddb8f01f3/0054,4
96819215-c1ca-476c-8443-b30ddb8f01f3/0028,1
96819215-c1ca-476c-8443-b30ddb8f01f3/0084,4
96819215-c1ca-476c-8443-b30ddb8f01f3/0053,3
96819215-c1ca-476c-8443-b30ddb8f01f3/0071,5
96819215-c1ca-476c-8443-b30ddb8f01f3/0036,2
96819215-c1ca-476c-8443-b30ddb8f01f3/0095,4
96819215-c1ca-476c-8443-b30ddb8f01f3/0074,6
96819215-c1ca-476c-8443-b30ddb8f01f3/0059,1
96819215-c1ca-476c-8443-b30ddb8f01f3/0041,2
96819215-c1ca-476c-8443-b30ddb8f01f3/0007,1
96819215-c1ca-476c-8443-b30ddb8f01f3/0052,4
96819215-c1ca-476c-8443-b30ddb8f01f3/0087,6
96819215-c1ca-476c-8443-b30ddb8f01f3/0077,6
96819215-c1ca-476c-8443-b30ddb8f01f3/0086,3
96819215-c1ca-476c-8443-b30ddb8f01f3/0033,1
96819215-c1ca-476c-8443-b30ddb8f01f3/0047,2
96819215-c1ca-476c-8443-b30ddb8f01f3/0045,2
96819215-c1ca-476c-8443-b30ddb8f01f3/0068,1
96819215-c1ca-476c-8443-b30ddb8f01f3/0040,3
96819215-c1ca-476c-8443-b30ddb8f01f3/0078,4
96819215-c1ca-476c-8443-b30ddb8f01f3/0092,6
96819215-c1ca-476c-8443-b30ddb8f01f3/0048,4
96819215-c1ca-476c-8443-b30ddb8f01f3/0061,3
96819215-c1ca-476c-8443-b30ddb8f01f3/0023,1
96819215-c1ca-476c-8443-b30ddb8f01f3/0008,2
96819215-c1ca-476c-8443-b30ddb8f01f3/0075,3
96819215-c1ca-476c-8443-b30ddb8f01f3/0025,0
96819215-c1ca-476c-8443-b30ddb8f01f3/0063,2
96819215-c1ca-476c-8443-b30ddb8f01f3/0012,2
96819215-c1ca-476c-8443-b30ddb8f01f3/0070,4
96819215-c1ca-476c-8443-b30ddb8f01f3/0044,2
96819215-c1ca-476c-8443-b30ddb8f01f3/0026,1
96819215-c1ca-476c-8443-b30ddb8f01f3/0060,2
96819215-c1ca-476c-8443-b30ddb8f01f3/0009,3
96819215-c1ca-476c-8443-b30ddb8f01f3/0017,1
96819215-c1ca-476c-8443-b30ddb8f01f3/0029,1
96819215-c1ca-476c-8443-b30ddb8f01f3/0014,1
96819215-c1ca-476c-8443-b30ddb8f01f3/0035,0
96819215-c1ca-476c-8443-b30ddb8f01f3/0091,6
96819215-c1ca-476c-8443-b30ddb8f01f3/0032,2
96819215-c1ca-476c-8443-b30ddb8f01f3/0088,5
96819215-c1ca-476c-8443-b30ddb8f01f3/0051,3
96819215-c1ca-476c-8443-b30ddb8f01f3/0034,0
96819215-c1ca-476c-8443-b30ddb8f01f3/0056,5
96819215-c1ca-476c-8443-b30ddb8f01f3/0064,1
96819215-c1ca-476c-8443-b30ddb8f01f3/0050,5
96819215-c1ca-476c-8443-b30ddb8f01f3/0094,6
96819215-c1ca-476c-8443-b30ddb8f01f3/0090,4
96819215-c1ca-476c-8443-b30ddb8f01f3/0011,3
96819215-c1ca-476c-8443-b30ddb8f01f3/0096,4
96819215-c1ca-476c-8443-b30ddb8f01f3/0015,2
96819215-c1ca-476c-8443-b30ddb8f01f3/0058,5
96819215-c1ca-476c-8443-b30ddb8f01f3/0027,1
96819215-c1ca-476c-8443-b30ddb8f01f3/0010,2
96819215-c1ca-476c-8443-b30ddb8f01f3/0043,2
bb628e0e-9655-4653-bfb9-42069d7c5228/0020,3
bb628e0e-9655-4653-bfb9-42069d7c5228/0019,3
bb628e0e-9655-4653-bfb9-42069d7c5228/0037,1
bb628e0e-9655-4653-bfb9-42069d7c5228/0066,3
bb628e0e-9655-4653-bfb9-42069d7c5228/0046,1
bb628e0e-9655-4653-bfb9-42069d7c5228/0069,3
bb628e0e-9655-4653-bfb9-42069d7c5228/0021,3
bb628e0e-9655-4653-bfb9-42069d7c5228/0067,2
bb628e0e-9655-4653-bfb9-42069d7c5228/0005,1
bb628e0e-9655-4653-bfb9-42069d7c5228/0042,3
bb628e0e-9655-4653-bfb9-42069d7c5228/0031,2
bb628e0e-9655-4653-bfb9-42069d7c5228/0057,1
bb628e0e-9655-4653-bfb9-42069d7c5228/0038,2
bb628e0e-9655-4653-bfb9-42069d7c5228/0065,4
bb628e0e-9655-4653-bfb9-42069d7c5228/0016,4
bb628e0e-9655-4653-bfb9-42069d7c5228/0039,3
bb628e0e-9655-4653-bfb9-42069d7c5228/0055,1
bb628e0e-9655-4653-bfb9-42069d7c5228/0049,1
bb628e0e-9655-4653-bfb9-42069d7c5228/0062,1
bb628e0e-9655-4653-bfb9-42069d7c5228/0072,1
bb628e0e-9655-4653-bfb9-42069d7c5228/0054,2
bb628e0e-9655-4653-bfb9-42069d7c5228/0028,1
bb628e0e-9655-4653-bfb9-42069d7c5228/0053,1
bb628e0e-9655-4653-bfb9-42069d7c5228/0003,1
bb628e0e-9655-4653-bfb9-42069d7c5228/0071,1
bb628e0e-9655-4653-bfb9-42069d7c5228/0000,1
bb628e0e-9655-4653-bfb9-42069d7c5228/0036,1
bb628e0e-9655-4653-bfb9-42069d7c5228/0059,3
bb628e0e-9655-4653-bfb9-42069d7c5228/0041,5
bb628e0e-9655-4653-bfb9-42069d7c5228/0007,4
bb628e0e-9655-4653-bfb9-42069d7c5228/0004,1
bb628e0e-9655-4653-bfb9-42069d7c5228/0052,1
bb628e0e-9655-4653-bfb9-42069d7c5228/0022,0
bb628e0e-9655-4653-bfb9-42069d7c5228/0033,2
bb628e0e-9655-4653-bfb9-42069d7c5228/0006,2
bb628e0e-9655-4653-bfb9-42069d7c5228/0047,1
bb628e0e-9655-4653-bfb9-42069d7c5228/0045,1
bb628e0e-9655-4653-bfb9-42069d7c5228/0068,1
bb628e0e-9655-4653-bfb9-42069d7c5228/0040,4
bb628e0e-9655-4653-bfb9-42069d7c5228/0048,1
bb628e0e-9655-4653-bfb9-42069d7c5228/0061,1
bb628e0e-9655-4653-bfb9-42069d7c5228/0023,0
bb628e0e-9655-4653-bfb9-42069d7c5228/0008,4
bb628e0e-9655-4653-bfb9-42069d7c5228/0025,2
bb628e0e-9655-4653-bfb9-42069d7c5228/0024,0
bb628e0e-9655-4653-bfb9-42069d7c5228/0063,0
bb628e0e-9655-4653-bfb9-42069d7c5228/0012,3
bb628e0e-9655-4653-bfb9-42069d7c5228/0018,3
bb628e0e-9655-4653-bfb9-42069d7c5228/0070,2
bb628e0e-9655-4653-bfb9-42069d7c5228/0044,1
bb628e0e-9655-4653-bfb9-42069d7c5228/0026,1
bb628e0e-9655-4653-bfb9-42069d7c5228/0060,2
bb628e0e-9655-4653-bfb9-42069d7c5228/0009,2
bb628e0e-9655-4653-bfb9-42069d7c5228/0017,3
bb628e0e-9655-4653-bfb9-42069d7c5228/0014,1
bb628e0e-9655-4653-bfb9-42069d7c5228/0035,1
bb628e0e-9655-4653-bfb9-42069d7c5228/0002,2
bb628e0e-9655-4653-bfb9-42069d7c5228/0032,2
bb628e0e-9655-4653-bfb9-42069d7c5228/0051,2
bb628e0e-9655-4653-bfb9-42069d7c5228/0034,1
bb628e0e-9655-4653-bfb9-42069d7c5228/0056,2
bb628e0e-9655-4653-bfb9-42069d7c5228/0064,1
bb628e0e-9655-4653-bfb9-42069d7c5228/0050,3
bb628e0e-9655-4653-bfb9-42069d7c5228/0011,2
bb628e0e-9655-4653-bfb9-42069d7c5228/0015,4
bb628e0e-9655-4653-bfb9-42069d7c5228/0001,1
bb628e0e-9655-4653-bfb9-42069d7c5228/0030,1
bb628e0e-9655-4653-bfb9-42069d7c5228/0058,1
bb628e0e-9655-4653-bfb9-42069d7c5228/0027,1
bb628e0e-9655-4653-bfb9-42069d7c5228/0010,3
bb628e0e-9655-4653-bfb9-42069d7c5228/0043,4
4ec1d4ad-9a5f-42c3-899a-de56d769ef3a/0020,1
4ec1d4ad-9a5f-42c3-899a-de56d769ef3a/0019,2
4ec1d4ad-9a5f-42c3-899a-de56d769ef3a/0013,3
4ec1d4ad-9a5f-42c3-899a-de56d769ef3a/0037,3
4ec1d4ad-9a5f-42c3-899a-de56d769ef3a/0066,1
4ec1d4ad-9a5f-42c3-899a-de56d769ef3a/0046,2
4ec1d4ad-9a5f-42c3-899a-de56d769ef3a/0069,2
4ec1d4ad-9a5f-42c3-899a-de56d769ef3a/0067,2
4ec1d4ad-9a5f-42c3-899a-de56d769ef3a/0005,1
4ec1d4ad-9a5f-42c3-899a-de56d769ef3a/0042,3
4ec1d4ad-9a5f-42c3-899a-de56d769ef3a/0031,4
4ec1d4ad-9a5f-42c3-899a-de56d769ef3a/0057,3
4ec1d4ad-9a5f-42c3-899a-de56d769ef3a/0038,2
4ec1d4ad-9a5f-42c3-899a-de56d769ef3a/0065,1
4ec1d4ad-9a5f-42c3-899a-de56d769ef3a/0016,1
4ec1d4ad-9a5f-42c3-899a-de56d769ef3a/0039,1
4ec1d4ad-9a5f-42c3-899a-de56d769ef3a/0055,5
4ec1d4ad-9a5f-42c3-899a-de56d769ef3a/0049,1
4ec1d4ad-9a5f-42c3-899a-de56d769ef3a/0062,3
4ec1d4ad-9a5f-42c3-899a-de56d769ef3a/0072,2
4ec1d4ad-9a5f-42c3-899a-de56d769ef3a/0054,4
4ec1d4ad-9a5f-42c3-899a-de56d769ef3a/0028,3
4ec1d4ad-9a5f-42c3-899a-de56d769ef3a/0053,5
4ec1d4ad-9a5f-42c3-899a-de56d769ef3a/0003,5
4ec1d4ad-9a5f-42c3-899a-de56d769ef3a/0071,3
4ec1d4ad-9a5f-42c3-899a-de56d769ef3a/0000,5
4ec1d4ad-9a5f-42c3-899a-de56d769ef3a/0036,2
4ec1d4ad-9a5f-42c3-899a-de56d769ef3a/0059,0
4ec1d4ad-9a5f-42c3-899a-de56d769ef3a/0041,3
4ec1d4ad-9a5f-42c3-899a-de56d769ef3a/0007,1
4ec1d4ad-9a5f-42c3-899a-de56d769ef3a/0004,1
4ec1d4ad-9a5f-42c3-899a-de56d769ef3a/0052,4
4ec1d4ad-9a5f-42c3-899a-de56d769ef3a/0022,0
4ec1d4ad-9a5f-42c3-899a-de56d769ef3a/0033,6
4ec1d4ad-9a5f-42c3-899a-de56d769ef3a/0006,2
4ec1d4ad-9a5f-42c3-899a-de56d769ef3a/0047,2
4ec1d4ad-9a5f-42c3-899a-de56d769ef3a/0045,4
4ec1d4ad-9a5f-42c3-899a-de56d769ef3a/0068,1
4ec1d4ad-9a5f-42c3-899a-de56d769ef3a/0040,2
4ec1d4ad-9a5f-42c3-899a-de56d769ef3a/0048,3
4ec1d4ad-9a5f-42c3-899a-de56d769ef3a/0061,2
4ec1d4ad-9a5f-42c3-899a-de56d769ef3a/0023,1
4ec1d4ad-9a5f-42c3-899a-de56d769ef3a/0008,1
4ec1d4ad-9a5f-42c3-899a-de56d769ef3a/0025,2
4ec1d4ad-9a5f-42c3-899a-de56d769ef3a/0063,3
4ec1d4ad-9a5f-42c3-899a-de56d769ef3a/0012,2
4ec1d4ad-9a5f-42c3-899a-de56d769ef3a/0018,2
4ec1d4ad-9a5f-42c3-899a-de56d769ef3a/0070,2
4ec1d4ad-9a5f-42c3-899a-de56d769ef3a/0044,3
4ec1d4ad-9a5f-42c3-899a-de56d769ef3a/0026,1
4ec1d4ad-9a5f-42c3-899a-de56d769ef3a/0060,1
4ec1d4ad-9a5f-42c3-899a-de56d769ef3a/0009,1
4ec1d4ad-9a5f-42c3-899a-de56d769ef3a/0017,3
4ec1d4ad-9a5f-42c3-899a-de56d769ef3a/0029,1
4ec1d4ad-9a5f-42c3-899a-de56d769ef3a/0014,2
4ec1d4ad-9a5f-42c3-899a-de56d769ef3a/0035,5
4ec1d4ad-9a5f-42c3-899a-de56d769ef3a/0002,5
4ec1d4ad-9a5f-42c3-899a-de56d769ef3a/0032,7
4ec1d4ad-9a5f-42c3-899a-de56d769ef3a/0051,2
4ec1d4ad-9a5f-42c3-899a-de56d769ef3a/0034,1
4ec1d4ad-9a5f-42c3-899a-de56d769ef3a/0056,3
4ec1d4ad-9a5f-42c3-899a-de56d769ef3a/0064,1
4ec1d4ad-9a5f-42c3-899a-de56d769ef3a/0050,0
4ec1d4ad-9a5f-42c3-899a-de56d769ef3a/0011,2
4ec1d4ad-9a5f-42c3-899a-de56d769ef3a/0015,1
4ec1d4ad-9a5f-42c3-899a-de56d769ef3a/0001,6
4ec1d4ad-9a5f-42c3-899a-de56d769ef3a/0030,0
4ec1d4ad-9a5f-42c3-899a-de56d769ef3a/0058,1
4ec1d4ad-9a5f-42c3-899a-de56d769ef3a/0027,2
4ec1d4ad-9a5f-42c3-899a-de56d769ef3a/0010,2
4ec1d4ad-9a5f-42c3-899a-de56d769ef3a/0043,3
1e2b394a-597c-451c-a9f6-feae1fdd1631/0073,1
1e2b394a-597c-451c-a9f6-feae1fdd1631/0020,1
1e2b394a-597c-451c-a9f6-feae1fdd1631/0019,1
1e2b394a-597c-451c-a9f6-feae1fdd1631/0037,4
1e2b394a-597c-451c-a9f6-feae1fdd1631/0066,1
1e2b394a-597c-451c-a9f6-feae1fdd1631/0046,1
1e2b394a-597c-451c-a9f6-feae1fdd1631/0069,1
1e2b394a-597c-451c-a9f6-feae1fdd1631/0076,1
1e2b394a-597c-451c-a9f6-feae1fdd1631/0021,1
1e2b394a-597c-451c-a9f6-feae1fdd1631/0067,1
1e2b394a-597c-451c-a9f6-feae1fdd1631/0042,1
1e2b394a-597c-451c-a9f6-feae1fdd1631/0031,4
1e2b394a-597c-451c-a9f6-feae1fdd1631/0057,1
1e2b394a-597c-451c-a9f6-feae1fdd1631/0038,2
1e2b394a-597c-451c-a9f6-feae1fdd1631/0065,1
1e2b394a-597c-451c-a9f6-feae1fdd1631/0016,1
1e2b394a-597c-451c-a9f6-feae1fdd1631/0039,2
1e2b394a-597c-451c-a9f6-feae1fdd1631/0055,1
1e2b394a-597c-451c-a9f6-feae1fdd1631/0079,2
1e2b394a-597c-451c-a9f6-feae1fdd1631/0049,1
1e2b394a-597c-451c-a9f6-feae1fdd1631/0062,1
1e2b394a-597c-451c-a9f6-feae1fdd1631/0072,1
1e2b394a-597c-451c-a9f6-feae1fdd1631/0054,0
1e2b394a-597c-451c-a9f6-feae1fdd1631/0028,2
1e2b394a-597c-451c-a9f6-feae1fdd1631/0053,0
1e2b394a-597c-451c-a9f6-feae1fdd1631/0071,1
1e2b394a-597c-451c-a9f6-feae1fdd1631/0000,1
1e2b394a-597c-451c-a9f6-feae1fdd1631/0036,6
1e2b394a-597c-451c-a9f6-feae1fdd1631/0074,1
1e2b394a-597c-451c-a9f6-feae1fdd1631/0059,1
1e2b394a-597c-451c-a9f6-feae1fdd1631/0041,1
1e2b394a-597c-451c-a9f6-feae1fdd1631/0007,1
1e2b394a-597c-451c-a9f6-feae1fdd1631/0077,1
1e2b394a-597c-451c-a9f6-feae1fdd1631/0022,1
1e2b394a-597c-451c-a9f6-feae1fdd1631/0033,4
1e2b394a-597c-451c-a9f6-feae1fdd1631/0047,1
1e2b394a-597c-451c-a9f6-feae1fdd1631/0045,1
1e2b394a-597c-451c-a9f6-feae1fdd1631/0068,1
1e2b394a-597c-451c-a9f6-feae1fdd1631/0040,1
1e2b394a-597c-451c-a9f6-feae1fdd1631/0078,2
1e2b394a-597c-451c-a9f6-feae1fdd1631/0061,1
1e2b394a-597c-451c-a9f6-feae1fdd1631/0023,3
1e2b394a-597c-451c-a9f6-feae1fdd1631/0008,1
1e2b394a-597c-451c-a9f6-feae1fdd1631/0075,1
1e2b394a-597c-451c-a9f6-feae1fdd1631/0025,2
1e2b394a-597c-451c-a9f6-feae1fdd1631/0024,2
1e2b394a-597c-451c-a9f6-feae1fdd1631/0063,1
1e2b394a-597c-451c-a9f6-feae1fdd1631/0012,1
1e2b394a-597c-451c-a9f6-feae1fdd1631/0018,0
1e2b394a-597c-451c-a9f6-feae1fdd1631/0070,1
1e2b394a-597c-451c-a9f6-feae1fdd1631/0044,2
1e2b394a-597c-451c-a9f6-feae1fdd1631/0026,2
1e2b394a-597c-451c-a9f6-feae1fdd1631/0060,1
1e2b394a-597c-451c-a9f6-feae1fdd1631/0017,1
1e2b394a-597c-451c-a9f6-feae1fdd1631/0029,3
1e2b394a-597c-451c-a9f6-feae1fdd1631/0035,6
1e2b394a-597c-451c-a9f6-feae1fdd1631/0002,1
1e2b394a-597c-451c-a9f6-feae1fdd1631/0032,4
1e2b394a-597c-451c-a9f6-feae1fdd1631/0051,0
1e2b394a-597c-451c-a9f6-feae1fdd1631/0034,4
1e2b394a-597c-451c-a9f6-feae1fdd1631/0056,0
1e2b394a-597c-451c-a9f6-feae1fdd1631/0064,1
1e2b394a-597c-451c-a9f6-feae1fdd1631/0050,0
1e2b394a-597c-451c-a9f6-feae1fdd1631/0015,1
1e2b394a-597c-451c-a9f6-feae1fdd1631/0001,2
1e2b394a-597c-451c-a9f6-feae1fdd1631/0030,2
1e2b394a-597c-451c-a9f6-feae1fdd1631/0058,1
1e2b394a-597c-451c-a9f6-feae1fdd1631/0027,2
1e2b394a-597c-451c-a9f6-feae1fdd1631/0010,1
1e2b394a-597c-451c-a9f6-feae1fdd1631/0043,0
58e8bf48-c131-42fb-b5f6-f63e6dc09483/0073,1
58e8bf48-c131-42fb-b5f6-f63e6dc09483/0020,2
58e8bf48-c131-42fb-b5f6-f63e6dc09483/0019,3
58e8bf48-c131-42fb-b5f6-f63e6dc09483/0013,2
58e8bf48-c131-42fb-b5f6-f63e6dc09483/0037,4
58e8bf48-c131-42fb-b5f6-f63e6dc09483/0066,1
58e8bf48-c131-42fb-b5f6-f63e6dc09483/0046,3
58e8bf48-c131-42fb-b5f6-f63e6dc09483/0069,1
58e8bf48-c131-42fb-b5f6-f63e6dc09483/0076,1
58e8bf48-c131-42fb-b5f6-f63e6dc09483/0021,2
58e8bf48-c131-42fb-b5f6-f63e6dc09483/0067,1
58e8bf48-c131-42fb-b5f6-f63e6dc09483/0005,1
58e8bf48-c131-42fb-b5f6-f63e6dc09483/0042,3
58e8bf48-c131-42fb-b5f6-f63e6dc09483/0031,4
58e8bf48-c131-42fb-b5f6-f63e6dc09483/0057,1
58e8bf48-c131-42fb-b5f6-f63e6dc09483/0038,3
58e8bf48-c131-42fb-b5f6-f63e6dc09483/0065,2
58e8bf48-c131-42fb-b5f6-f63e6dc09483/0016,3
58e8bf48-c131-42fb-b5f6-f63e6dc09483/0039,4
58e8bf48-c131-42fb-b5f6-f63e6dc09483/0055,2
58e8bf48-c131-42fb-b5f6-f63e6dc09483/0049,2
58e8bf48-c131-42fb-b5f6-f63e6dc09483/0062,1
58e8bf48-c131-42fb-b5f6-f63e6dc09483/0072,1
58e8bf48-c131-42fb-b5f6-f63e6dc09483/0028,5
58e8bf48-c131-42fb-b5f6-f63e6dc09483/0003,3
58e8bf48-c131-42fb-b5f6-f63e6dc09483/0071,1
58e8bf48-c131-42fb-b5f6-f63e6dc09483/0000,2
58e8bf48-c131-42fb-b5f6-f63e6dc09483/0036,3
58e8bf48-c131-42fb-b5f6-f63e6dc09483/0074,1
58e8bf48-c131-42fb-b5f6-f63e6dc09483/0059,2
58e8bf48-c131-42fb-b5f6-f63e6dc09483/0041,3
58e8bf48-c131-42fb-b5f6-f63e6dc09483/0007,1
58e8bf48-c131-42fb-b5f6-f63e6dc09483/0004,1
58e8bf48-c131-42fb-b5f6-f63e6dc09483/0052,1
58e8bf48-c131-42fb-b5f6-f63e6dc09483/0077,1
58e8bf48-c131-42fb-b5f6-f63e6dc09483/0022,3
58e8bf48-c131-42fb-b5f6-f63e6dc09483/0033,2
58e8bf48-c131-42fb-b5f6-f63e6dc09483/0006,1
58e8bf48-c131-42fb-b5f6-f63e6dc09483/0047,2
58e8bf48-c131-42fb-b5f6-f63e6dc09483/0045,3
58e8bf48-c131-42fb-b5f6-f63e6dc09483/0068,2
58e8bf48-c131-42fb-b5f6-f63e6dc09483/0040,4
58e8bf48-c131-42fb-b5f6-f63e6dc09483/0078,1
58e8bf48-c131-42fb-b5f6-f63e6dc09483/0048,1
58e8bf48-c131-42fb-b5f6-f63e6dc09483/0023,4
58e8bf48-c131-42fb-b5f6-f63e6dc09483/0008,1
58e8bf48-c131-42fb-b5f6-f63e6dc09483/0075,1
58e8bf48-c131-42fb-b5f6-f63e6dc09483/0025,2
58e8bf48-c131-42fb-b5f6-f63e6dc09483/0024,5
58e8bf48-c131-42fb-b5f6-f63e6dc09483/0012,1
58e8bf48-c131-42fb-b5f6-f63e6dc09483/0018,2
58e8bf48-c131-42fb-b5f6-f63e6dc09483/0070,1
58e8bf48-c131-42fb-b5f6-f63e6dc09483/0044,2
58e8bf48-c131-42fb-b5f6-f63e6dc09483/0026,4
58e8bf48-c131-42fb-b5f6-f63e6dc09483/0060,2
58e8bf48-c131-42fb-b5f6-f63e6dc09483/0009,1
58e8bf48-c131-42fb-b5f6-f63e6dc09483/0017,2
58e8bf48-c131-42fb-b5f6-f63e6dc09483/0029,4
58e8bf48-c131-42fb-b5f6-f63e6dc09483/0014,1
58e8bf48-c131-42fb-b5f6-f63e6dc09483/0035,4
58e8bf48-c131-42fb-b5f6-f63e6dc09483/0002,1
58e8bf48-c131-42fb-b5f6-f63e6dc09483/0032,2
58e8bf48-c131-42fb-b5f6-f63e6dc09483/0051,1
58e8bf48-c131-42fb-b5f6-f63e6dc09483/0034,3
58e8bf48-c131-42fb-b5f6-f63e6dc09483/0056,1
58e8bf48-c131-42fb-b5f6-f63e6dc09483/0064,1
58e8bf48-c131-42fb-b5f6-f63e6dc09483/0050,1
58e8bf48-c131-42fb-b5f6-f63e6dc09483/0011,0
58e8bf48-c131-42fb-b5f6-f63e6dc09483/0015,4
58e8bf48-c131-42fb-b5f6-f63e6dc09483/0001,2
58e8bf48-c131-42fb-b5f6-f63e6dc09483/0030,1
58e8bf48-c131-42fb-b5f6-f63e6dc09483/0058,0
58e8bf48-c131-42fb-b5f6-f63e6dc09483/0027,2
58e8bf48-c131-42fb-b5f6-f63e6dc09483/0010,1
58e8bf48-c131-42fb-b5f6-f63e6dc09483/0043,3
5390813d-def6-4a1c-b24a-d84e1942c526/0073,4
5390813d-def6-4a1c-b24a-d84e1942c526/0020,6
5390813d-def6-4a1c-b24a-d84e1942c526/0019,6
5390813d-def6-4a1c-b24a-d84e1942c526/0013,2
5390813d-def6-4a1c-b24a-d84e1942c526/0037,2
5390813d-def6-4a1c-b24a-d84e1942c526/0066,6
5390813d-def6-4a1c-b24a-d84e1942c526/0046,2
5390813d-def6-4a1c-b24a-d84e1942c526/0069,4
5390813d-def6-4a1c-b24a-d84e1942c526/0076,0
5390813d-def6-4a1c-b24a-d84e1942c526/0021,6
5390813d-def6-4a1c-b24a-d84e1942c526/0067,3
5390813d-def6-4a1c-b24a-d84e1942c526/0005,3
5390813d-def6-4a1c-b24a-d84e1942c526/0042,1
5390813d-def6-4a1c-b24a-d84e1942c526/0031,2
5390813d-def6-4a1c-b24a-d84e1942c526/0057,2
5390813d-def6-4a1c-b24a-d84e1942c526/0038,1
5390813d-def6-4a1c-b24a-d84e1942c526/0065,6
5390813d-def6-4a1c-b24a-d84e1942c526/0016,4
5390813d-def6-4a1c-b24a-d84e1942c526/0039,1
5390813d-def6-4a1c-b24a-d84e1942c526/0080,1
5390813d-def6-4a1c-b24a-d84e1942c526/0055,1
5390813d-def6-4a1c-b24a-d84e1942c526/0079,2
5390813d-def6-4a1c-b24a-d84e1942c526/0049,1
5390813d-def6-4a1c-b24a-d84e1942c526/0062,3
5390813d-def6-4a1c-b24a-d84e1942c526/0072,3
5390813d-def6-4a1c-b24a-d84e1942c526/0054,1
5390813d-def6-4a1c-b24a-d84e1942c526/0028,3
5390813d-def6-4a1c-b24a-d84e1942c526/0053,5
5390813d-def6-4a1c-b24a-d84e1942c526/0003,6
5390813d-def6-4a1c-b24a-d84e1942c526/0071,3
5390813d-def6-4a1c-b24a-d84e1942c526/0000,6
5390813d-def6-4a1c-b24a-d84e1942c526/0036,4
5390813d-def6-4a1c-b24a-d84e1942c526/0074,0
5390813d-def6-4a1c-b24a-d84e1942c526/0059,4
5390813d-def6-4a1c-b24a-d84e1942c526/0041,2
5390813d-def6-4a1c-b24a-d84e1942c526/0007,2
5390813d-def6-4a1c-b24a-d84e1942c526/0004,7
5390813d-def6-4a1c-b24a-d84e1942c526/0052,1
5390813d-def6-4a1c-b24a-d84e1942c526/0077,1
5390813d-def6-4a1c-b24a-d84e1942c526/0022,6
5390813d-def6-4a1c-b24a-d84e1942c526/0033,2
5390813d-def6-4a1c-b24a-d84e1942c526/0006,2
5390813d-def6-4a1c-b24a-d84e1942c526/0047,2
5390813d-def6-4a1c-b24a-d84e1942c526/0045,2
5390813d-def6-4a1c-b24a-d84e1942c526/0068,3
5390813d-def6-4a1c-b24a-d84e1942c526/0040,2
5390813d-def6-4a1c-b24a-d84e1942c526/0078,2
5390813d-def6-4a1c-b24a-d84e1942c526/0048,1
5390813d-def6-4a1c-b24a-d84e1942c526/0061,3
5390813d-def6-4a1c-b24a-d84e1942c526/0023,5
5390813d-def6-4a1c-b24a-d84e1942c526/0008,2
5390813d-def6-4a1c-b24a-d84e1942c526/0075,2
5390813d-def6-4a1c-b24a-d84e1942c526/0025,1
5390813d-def6-4a1c-b24a-d84e1942c526/0024,4
5390813d-def6-4a1c-b24a-d84e1942c526/0063,2
5390813d-def6-4a1c-b24a-d84e1942c526/0012,2
5390813d-def6-4a1c-b24a-d84e1942c526/0018,6
5390813d-def6-4a1c-b24a-d84e1942c526/0070,3
5390813d-def6-4a1c-b24a-d84e1942c526/0044,1
5390813d-def6-4a1c-b24a-d84e1942c526/0026,2
5390813d-def6-4a1c-b24a-d84e1942c526/0060,5
5390813d-def6-4a1c-b24a-d84e1942c526/0009,3
5390813d-def6-4a1c-b24a-d84e1942c526/0017,7
5390813d-def6-4a1c-b24a-d84e1942c526/0029,3
5390813d-def6-4a1c-b24a-d84e1942c526/0014,8
5390813d-def6-4a1c-b24a-d84e1942c526/0035,3
5390813d-def6-4a1c-b24a-d84e1942c526/0002,5
5390813d-def6-4a1c-b24a-d84e1942c526/0032,2
5390813d-def6-4a1c-b24a-d84e1942c526/0051,4
5390813d-def6-4a1c-b24a-d84e1942c526/0034,2
5390813d-def6-4a1c-b24a-d84e1942c526/0056,1
5390813d-def6-4a1c-b24a-d84e1942c526/0064,3
5390813d-def6-4a1c-b24a-d84e1942c526/0050,3
5390813d-def6-4a1c-b24a-d84e1942c526/0011,4
5390813d-def6-4a1c-b24a-d84e1942c526/0015,5
5390813d-def6-4a1c-b24a-d84e1942c526/0001,4
5390813d-def6-4a1c-b24a-d84e1942c526/0030,2
5390813d-def6-4a1c-b24a-d84e1942c526/0058,2
5390813d-def6-4a1c-b24a-d84e1942c526/0027,2
5390813d-def6-4a1c-b24a-d84e1942c526/0010,6
5390813d-def6-4a1c-b24a-d84e1942c526/0043,1
e051c864-f0db-48a4-bcb0-f576cc0036a9/0073,0
e051c864-f0db-48a4-bcb0-f576cc0036a9/0020,2
e051c864-f0db-48a4-bcb0-f576cc0036a9/0019,1
e051c864-f0db-48a4-bcb0-f576cc0036a9/0013,1
e051c864-f0db-48a4-bcb0-f576cc0036a9/0037,3
e051c864-f0db-48a4-bcb0-f576cc0036a9/0066,1
e051c864-f0db-48a4-bcb0-f576cc0036a9/0069,1
e051c864-f0db-48a4-bcb0-f576cc0036a9/0076,3
e051c864-f0db-48a4-bcb0-f576cc0036a9/0021,3
e051c864-f0db-48a4-bcb0-f576cc0036a9/0067,2
e051c864-f0db-48a4-bcb0-f576cc0036a9/0005,3
e051c864-f0db-48a4-bcb0-f576cc0036a9/0042,3
e051c864-f0db-48a4-bcb0-f576cc0036a9/0031,1
e051c864-f0db-48a4-bcb0-f576cc0036a9/0057,3
e051c864-f0db-48a4-bcb0-f576cc0036a9/0038,4
e051c864-f0db-48a4-bcb0-f576cc0036a9/0065,1
e051c864-f0db-48a4-bcb0-f576cc0036a9/0016,2
e051c864-f0db-48a4-bcb0-f576cc0036a9/0039,3
e051c864-f0db-48a4-bcb0-f576cc0036a9/0080,3
e051c864-f0db-48a4-bcb0-f576cc0036a9/0055,4
e051c864-f0db-48a4-bcb0-f576cc0036a9/0079,3
e051c864-f0db-48a4-bcb0-f576cc0036a9/0049,4
e051c864-f0db-48a4-bcb0-f576cc0036a9/0062,2
e051c864-f0db-48a4-bcb0-f576cc0036a9/0072,1
e051c864-f0db-48a4-bcb0-f576cc0036a9/0054,3
e051c864-f0db-48a4-bcb0-f576cc0036a9/0028,0
e051c864-f0db-48a4-bcb0-f576cc0036a9/0053,4
e051c864-f0db-48a4-bcb0-f576cc0036a9/0003,2
e051c864-f0db-48a4-bcb0-f576cc0036a9/0071,1
e051c864-f0db-48a4-bcb0-f576cc0036a9/0036,2
e051c864-f0db-48a4-bcb0-f576cc0036a9/0074,1
e051c864-f0db-48a4-bcb0-f576cc0036a9/0059,0
e051c864-f0db-48a4-bcb0-f576cc0036a9/0041,2
e051c864-f0db-48a4-bcb0-f576cc0036a9/0007,2
e051c864-f0db-48a4-bcb0-f576cc0036a9/0004,2
e051c864-f0db-48a4-bcb0-f576cc0036a9/0052,4
e051c864-f0db-48a4-bcb0-f576cc0036a9/0077,4
e051c864-f0db-48a4-bcb0-f576cc0036a9/0022,3
e051c864-f0db-48a4-bcb0-f576cc0036a9/0033,3
e051c864-f0db-48a4-bcb0-f576cc0036a9/0006,3
e051c864-f0db-48a4-bcb0-f576cc0036a9/0047,0
e051c864-f0db-48a4-bcb0-f576cc0036a9/0045,1
e051c864-f0db-48a4-bcb0-f576cc0036a9/0068,2
e051c864-f0db-48a4-bcb0-f576cc0036a9/0040,1
e051c864-f0db-48a4-bcb0-f576cc0036a9/0078,3
e051c864-f0db-48a4-bcb0-f576cc0036a9/0048,3
e051c864-f0db-48a4-bcb0-f576cc0036a9/0061,1
e051c864-f0db-48a4-bcb0-f576cc0036a9/0023,1
e051c864-f0db-48a4-bcb0-f576cc0036a9/0008,3
e051c864-f0db-48a4-bcb0-f576cc0036a9/0075,5
e051c864-f0db-48a4-bcb0-f576cc0036a9/0025,3
e051c864-f0db-48a4-bcb0-f576cc0036a9/0024,1
e051c864-f0db-48a4-bcb0-f576cc0036a9/0063,4
e051c864-f0db-48a4-bcb0-f576cc0036a9/0018,1
e051c864-f0db-48a4-bcb0-f576cc0036a9/0070,6
e051c864-f0db-48a4-bcb0-f576cc0036a9/0044,1
e051c864-f0db-48a4-bcb0-f576cc0036a9/0026,3
e051c864-f0db-48a4-bcb0-f576cc0036a9/0060,1
e051c864-f0db-48a4-bcb0-f576cc0036a9/0009,3
e051c864-f0db-48a4-bcb0-f576cc0036a9/0017,1
e051c864-f0db-48a4-bcb0-f576cc0036a9/0014,0
e051c864-f0db-48a4-bcb0-f576cc0036a9/0035,2
e051c864-f0db-48a4-bcb0-f576cc0036a9/0002,2
e051c864-f0db-48a4-bcb0-f576cc0036a9/0032,2
e051c864-f0db-48a4-bcb0-f576cc0036a9/0051,4
e051c864-f0db-48a4-bcb0-f576cc0036a9/0034,3
e051c864-f0db-48a4-bcb0-f576cc0036a9/0056,5
e051c864-f0db-48a4-bcb0-f576cc0036a9/0064,1
e051c864-f0db-48a4-bcb0-f576cc0036a9/0050,6
e051c864-f0db-48a4-bcb0-f576cc0036a9/0011,2
e051c864-f0db-48a4-bcb0-f576cc0036a9/0015,1
e051c864-f0db-48a4-bcb0-f576cc0036a9/0001,1
e051c864-f0db-48a4-bcb0-f576cc0036a9/0030,1
e051c864-f0db-48a4-bcb0-f576cc0036a9/0058,5
e051c864-f0db-48a4-bcb0-f576cc0036a9/0027,0
e051c864-f0db-48a4-bcb0-f576cc0036a9/0010,2
e051c864-f0db-48a4-bcb0-f576cc0036a9/0043,2
583f27f1-bd5b-4684-9691-feacc635a377/0020,4
583f27f1-bd5b-4684-9691-feacc635a377/0019,3
583f27f1-bd5b-4684-9691-feacc635a377/0013,6
583f27f1-bd5b-4684-9691-feacc635a377/0037,3
583f27f1-bd5b-4684-9691-feacc635a377/0066,2
583f27f1-bd5b-4684-9691-feacc635a377/0046,2
583f27f1-bd5b-4684-9691-feacc635a377/0069,9
583f27f1-bd5b-4684-9691-feacc635a377/0021,6
583f27f1-bd5b-4684-9691-feacc635a377/0067,0
583f27f1-bd5b-4684-9691-feacc635a377/0005,1
583f27f1-bd5b-4684-9691-feacc635a377/0031,0
583f27f1-bd5b-4684-9691-feacc635a377/0057,0
583f27f1-bd5b-4684-9691-feacc635a377/0038,2
583f27f1-bd5b-4684-9691-feacc635a377/0065,0
583f27f1-bd5b-4684-9691-feacc635a377/0016,0
583f27f1-bd5b-4684-9691-feacc635a377/0039,2
583f27f1-bd5b-4684-9691-feacc635a377/0055,1
583f27f1-bd5b-4684-9691-feacc635a377/0049,1
583f27f1-bd5b-4684-9691-feacc635a377/0062,3
583f27f1-bd5b-4684-9691-feacc635a377/0054,1
583f27f1-bd5b-4684-9691-feacc635a377/0028,7
583f27f1-bd5b-4684-9691-feacc635a377/0053,3
583f27f1-bd5b-4684-9691-feacc635a377/0003,5
583f27f1-bd5b-4684-9691-feacc635a377/0000,1
583f27f1-bd5b-4684-9691-feacc635a377/0036,2
583f27f1-bd5b-4684-9691-feacc635a377/0059,2
583f27f1-bd5b-4684-9691-feacc635a377/0041,2
583f27f1-bd5b-4684-9691-feacc635a377/0007,0
583f27f1-bd5b-4684-9691-feacc635a377/0004,1
583f27f1-bd5b-4684-9691-feacc635a377/0052,4
583f27f1-bd5b-4684-9691-feacc635a377/0022,5
583f27f1-bd5b-4684-9691-feacc635a377/0033,2
583f27f1-bd5b-4684-9691-feacc635a377/0047,1
583f27f1-bd5b-4684-9691-feacc635a377/0045,1
583f27f1-bd5b-4684-9691-feacc635a377/0068,2
583f27f1-bd5b-4684-9691-feacc635a377/0040,1
583f27f1-bd5b-4684-9691-feacc635a377/0048,0
583f27f1-bd5b-4684-9691-feacc635a377/0061,2
583f27f1-bd5b-4684-9691-feacc635a377/0023,5
583f27f1-bd5b-4684-9691-feacc635a377/0008,6
583f27f1-bd5b-4684-9691-feacc635a377/0025,4
583f27f1-bd5b-4684-9691-feacc635a377/0024,5
583f27f1-bd5b-4684-9691-feacc635a377/0063,2
583f27f1-bd5b-4684-9691-feacc635a377/0012,7
583f27f1-bd5b-4684-9691-feacc635a377/0018,1
583f27f1-bd5b-4684-9691-feacc635a377/0044,1
583f27f1-bd5b-4684-9691-feacc635a377/0026,5
583f27f1-bd5b-4684-9691-feacc635a377/0060,1
583f27f1-bd5b-4684-9691-feacc635a377/0009,5
583f27f1-bd5b-4684-9691-feacc635a377/0017,1
583f27f1-bd5b-4684-9691-feacc635a377/0029,7
583f27f1-bd5b-4684-9691-feacc635a377/0014,3
583f27f1-bd5b-4684-9691-feacc635a377/0035,2
583f27f1-bd5b-4684-9691-feacc635a377/0002,3
583f27f1-bd5b-4684-9691-feacc635a377/0051,4
583f27f1-bd5b-4684-9691-feacc635a377/0034,2
583f27f1-bd5b-4684-9691-feacc635a377/0056,0
583f27f1-bd5b-4684-9691-feacc635a377/0064,2
583f27f1-bd5b-4684-9691-feacc635a377/0050,2
583f27f1-bd5b-4684-9691-feacc635a377/0011,8
583f27f1-bd5b-4684-9691-feacc635a377/0015,2
583f27f1-bd5b-4684-9691-feacc635a377/0001,3
583f27f1-bd5b-4684-9691-feacc635a377/0030,3
583f27f1-bd5b-4684-9691-feacc635a377/0058,1
583f27f1-bd5b-4684-9691-feacc635a377/0027,5
583f27f1-bd5b-4684-9691-feacc635a377/0010,7
583f27f1-bd5b-4684-9691-feacc635a377/0043,2
a2b213b1-a613-4e3b-9123-3ada0561e1d3/0073,2
a2b213b1-a613-4e3b-9123-3ada0561e1d3/0020,2
a2b213b1-a613-4e3b-9123-3ada0561e1d3/0019,2
a2b213b1-a613-4e3b-9123-3ada0561e1d3/0013,1
a2b213b1-a613-4e3b-9123-3ada0561e1d3/0037,2
a2b213b1-a613-4e3b-9123-3ada0561e1d3/0066,4
a2b213b1-a613-4e3b-9123-3ada0561e1d3/0046,5
a2b213b1-a613-4e3b-9123-3ada0561e1d3/0069,2
a2b213b1-a613-4e3b-9123-3ada0561e1d3/0076,2
a2b213b1-a613-4e3b-9123-3ada0561e1d3/0021,3
a2b213b1-a613-4e3b-9123-3ada0561e1d3/0067,1
a2b213b1-a613-4e3b-9123-3ada0561e1d3/0005,6
a2b213b1-a613-4e3b-9123-3ada0561e1d3/0042,4
a2b213b1-a613-4e3b-9123-3ada0561e1d3/0031,3
a2b213b1-a613-4e3b-9123-3ada0561e1d3/0057,5
a2b213b1-a613-4e3b-9123-3ada0561e1d3/0038,3
a2b213b1-a613-4e3b-9123-3ada0561e1d3/0065,3
a2b213b1-a613-4e3b-9123-3ada0561e1d3/0039,5
a2b213b1-a613-4e3b-9123-3ada0561e1d3/0055,5
a2b213b1-a613-4e3b-9123-3ada0561e1d3/0049,5
a2b213b1-a613-4e3b-9123-3ada0561e1d3/0062,3
a2b213b1-a613-4e3b-9123-3ada0561e1d3/0072,2
a2b213b1-a613-4e3b-9123-3ada0561e1d3/0054,5
a2b213b1-a613-4e3b-9123-3ada0561e1d3/0028,3
a2b213b1-a613-4e3b-9123-3ada0561e1d3/0053,5
a2b213b1-a613-4e3b-9123-3ada0561e1d3/0003,3
a2b213b1-a613-4e3b-9123-3ada0561e1d3/0071,5
a2b213b1-a613-4e3b-9123-3ada0561e1d3/0000,2
a2b213b1-a613-4e3b-9123-3ada0561e1d3/0036,4
a2b213b1-a613-4e3b-9123-3ada0561e1d3/0074,4
a2b213b1-a613-4e3b-9123-3ada0561e1d3/0059,6
a2b213b1-a613-4e3b-9123-3ada0561e1d3/0041,4
a2b213b1-a613-4e3b-9123-3ada0561e1d3/0007,6
a2b213b1-a613-4e3b-9123-3ada0561e1d3/0004,3
a2b213b1-a613-4e3b-9123-3ada0561e1d3/0052,5
a2b213b1-a613-4e3b-9123-3ada0561e1d3/0022,3
a2b213b1-a613-4e3b-9123-3ada0561e1d3/0033,3
a2b213b1-a613-4e3b-9123-3ada0561e1d3/0006,4
a2b213b1-a613-4e3b-9123-3ada0561e1d3/0047,4
a2b213b1-a613-4e3b-9123-3ada0561e1d3/0045,5
a2b213b1-a613-4e3b-9123-3ada0561e1d3/0068,1
a2b213b1-a613-4e3b-9123-3ada0561e1d3/0040,3
a2b213b1-a613-4e3b-9123-3ada0561e1d3/0048,4
a2b213b1-a613-4e3b-9123-3ada0561e1d3/0061,5
a2b213b1-a613-4e3b-9123-3ada0561e1d3/0023,3
a2b213b1-a613-4e3b-9123-3ada0561e1d3/0008,7
a2b213b1-a613-4e3b-9123-3ada0561e1d3/0075,2
a2b213b1-a613-4e3b-9123-3ada0561e1d3/0025,3
a2b213b1-a613-4e3b-9123-3ada0561e1d3/0024,4
a2b213b1-a613-4e3b-9123-3ada0561e1d3/0063,5
a2b213b1-a613-4e3b-9123-3ada0561e1d3/0012,3
a2b213b1-a613-4e3b-9123-3ada0561e1d3/0018,1
a2b213b1-a613-4e3b-9123-3ada0561e1d3/0070,7
a2b213b1-a613-4e3b-9123-3ada0561e1d3/0044,4
a2b213b1-a613-4e3b-9123-3ada0561e1d3/0026,4
a2b213b1-a613-4e3b-9123-3ada0561e1d3/0060,5
a2b213b1-a613-4e3b-9123-3ada0561e1d3/0009,6
a2b213b1-a613-4e3b-9123-3ada0561e1d3/0017,1
a2b213b1-a613-4e3b-9123-3ada0561e1d3/0029,5
a2b213b1-a613-4e3b-9123-3ada0561e1d3/0014,4
a2b213b1-a613-4e3b-9123-3ada0561e1d3/0035,2
a2b213b1-a613-4e3b-9123-3ada0561e1d3/0002,2
a2b213b1-a613-4e3b-9123-3ada0561e1d3/0032,3
a2b213b1-a613-4e3b-9123-3ada0561e1d3/0051,5
a2b213b1-a613-4e3b-9123-3ada0561e1d3/0034,1
a2b213b1-a613-4e3b-9123-3ada0561e1d3/0056,5
a2b213b1-a613-4e3b-9123-3ada0561e1d3/0064,2
a2b213b1-a613-4e3b-9123-3ada0561e1d3/0050,5
a2b213b1-a613-4e3b-9123-3ada0561e1d3/0011,3
a2b213b1-a613-4e3b-9123-3ada0561e1d3/0001,2
a2b213b1-a613-4e3b-9123-3ada0561e1d3/0030,3
a2b213b1-a613-4e3b-9123-3ada0561e1d3/0058,5
a2b213b1-a613-4e3b-9123-3ada0561e1d3/0027,0
a2b213b1-a613-4e3b-9123-3ada0561e1d3/0010,5
a2b213b1-a613-4e3b-9123-3ada0561e1d3/0043,4
1990e74e-e316-41a3-9e3b-17eeeecc85da/0020,3
1990e74e-e316-41a3-9e3b-17eeeecc85da/0019,6
1990e74e-e316-41a3-9e3b-17eeeecc85da/0013,7
1990e74e-e316-41a3-9e3b-17eeeecc85da/0037,1
1990e74e-e316-41a3-9e3b-17eeeecc85da/0066,0
1990e74e-e316-41a3-9e3b-17eeeecc85da/0046,1
1990e74e-e316-41a3-9e3b-17eeeecc85da/0021,4
1990e74e-e316-41a3-9e3b-17eeeecc85da/0005,4
1990e74e-e316-41a3-9e3b-17eeeecc85da/0042,1
1990e74e-e316-41a3-9e3b-17eeeecc85da/0031,2
1990e74e-e316-41a3-9e3b-17eeeecc85da/0057,2
1990e74e-e316-41a3-9e3b-17eeeecc85da/0038,2
1990e74e-e316-41a3-9e3b-17eeeecc85da/0016,6
1990e74e-e316-41a3-9e3b-17eeeecc85da/0039,1
1990e74e-e316-41a3-9e3b-17eeeecc85da/0049,2
1990e74e-e316-41a3-9e3b-17eeeecc85da/0062,0
1990e74e-e316-41a3-9e3b-17eeeecc85da/0054,2
1990e74e-e316-41a3-9e3b-17eeeecc85da/0028,1
1990e74e-e316-41a3-9e3b-17eeeecc85da/0053,1
1990e74e-e316-41a3-9e3b-17eeeecc85da/0003,4
1990e74e-e316-41a3-9e3b-17eeeecc85da/0000,1
1990e74e-e316-41a3-9e3b-17eeeecc85da/0036,1
1990e74e-e316-41a3-9e3b-17eeeecc85da/0059,0
1990e74e-e316-41a3-9e3b-17eeeecc85da/0041,2
1990e74e-e316-41a3-9e3b-17eeeecc85da/0007,7
1990e74e-e316-41a3-9e3b-17eeeecc85da/0004,4
1990e74e-e316-41a3-9e3b-17eeeecc85da/0022,1
1990e74e-e316-41a3-9e3b-17eeeecc85da/0033,2
1990e74e-e316-41a3-9e3b-17eeeecc85da/0006,5
1990e74e-e316-41a3-9e3b-17eeeecc85da/0047,2
1990e74e-e316-41a3-9e3b-17eeeecc85da/0045,0
1990e74e-e316-41a3-9e3b-17eeeecc85da/0040,3
1990e74e-e316-41a3-9e3b-17eeeecc85da/0048,2
1990e74e-e316-41a3-9e3b-17eeeecc85da/0061,1
1990e74e-e316-41a3-9e3b-17eeeecc85da/0023,2
1990e74e-e316-41a3-9e3b-17eeeecc85da/0008,8
1990e74e-e316-41a3-9e3b-17eeeecc85da/0025,2
1990e74e-e316-41a3-9e3b-17eeeecc85da/0024,2
1990e74e-e316-41a3-9e3b-17eeeecc85da/0063,1
1990e74e-e316-41a3-9e3b-17eeeecc85da/0012,6
1990e74e-e316-41a3-9e3b-17eeeecc85da/0018,5
1990e74e-e316-41a3-9e3b-17eeeecc85da/0026,1
1990e74e-e316-41a3-9e3b-17eeeecc85da/0060,1
1990e74e-e316-41a3-9e3b-17eeeecc85da/0009,9
1990e74e-e316-41a3-9e3b-17eeeecc85da/0017,4
1990e74e-e316-41a3-9e3b-17eeeecc85da/0029,2
1990e74e-e316-41a3-9e3b-17eeeecc85da/0014,9
1990e74e-e316-41a3-9e3b-17eeeecc85da/0035,1
1990e74e-e316-41a3-9e3b-17eeeecc85da/0002,5
1990e74e-e316-41a3-9e3b-17eeeecc85da/0032,1
1990e74e-e316-41a3-9e3b-17eeeecc85da/0051,1
1990e74e-e316-41a3-9e3b-17eeeecc85da/0034,4
1990e74e-e316-41a3-9e3b-17eeeecc85da/0056,2
1990e74e-e316-41a3-9e3b-17eeeecc85da/0064,1
1990e74e-e316-41a3-9e3b-17eeeecc85da/0050,1
1990e74e-e316-41a3-9e3b-17eeeecc85da/0011,7
1990e74e-e316-41a3-9e3b-17eeeecc85da/0015,8
1990e74e-e316-41a3-9e3b-17eeeecc85da/0001,5
1990e74e-e316-41a3-9e3b-17eeeecc85da/0030,1
1990e74e-e316-41a3-9e3b-17eeeecc85da/0027,1
1990e74e-e316-41a3-9e3b-17eeeecc85da/0010,9
1990e74e-e316-41a3-9e3b-17eeeecc85da/0043,1
c4d233ff-2bdb-446f-afd4-de501c4f14eb/0073,1
c4d233ff-2bdb-446f-afd4-de501c4f14eb/0020,2
c4d233ff-2bdb-446f-afd4-de501c4f14eb/0019,1
c4d233ff-2bdb-446f-afd4-de501c4f14eb/0013,1
c4d233ff-2bdb-446f-afd4-de501c4f14eb/0037,1
c4d233ff-2bdb-446f-afd4-de501c4f14eb/0066,2
c4d233ff-2bdb-446f-afd4-de501c4f14eb/0046,2
c4d233ff-2bdb-446f-afd4-de501c4f14eb/0069,2
c4d233ff-2bdb-446f-afd4-de501c4f14eb/0021,0
c4d233ff-2bdb-446f-afd4-de501c4f14eb/0067,2
c4d233ff-2bdb-446f-afd4-de501c4f14eb/0042,3
c4d233ff-2bdb-446f-afd4-de501c4f14eb/0057,3
c4d233ff-2bdb-446f-afd4-de501c4f14eb/0038,0
c4d233ff-2bdb-446f-afd4-de501c4f14eb/0065,2
c4d233ff-2bdb-446f-afd4-de501c4f14eb/0016,0
c4d233ff-2bdb-446f-afd4-de501c4f14eb/0039,1
c4d233ff-2bdb-446f-afd4-de501c4f14eb/0055,4
c4d233ff-2bdb-446f-afd4-de501c4f14eb/0049,2
c4d233ff-2bdb-446f-afd4-de501c4f14eb/0062,3
c4d233ff-2bdb-446f-afd4-de501c4f14eb/0072,2
c4d233ff-2bdb-446f-afd4-de501c4f14eb/0054,3
c4d233ff-2bdb-446f-afd4-de501c4f14eb/0028,1
c4d233ff-2bdb-446f-afd4-de501c4f14eb/0053,3
c4d233ff-2bdb-446f-afd4-de501c4f14eb/0003,1
c4d233ff-2bdb-446f-afd4-de501c4f14eb/0071,1
c4d233ff-2bdb-446f-afd4-de501c4f14eb/0000,1
c4d233ff-2bdb-446f-afd4-de501c4f14eb/0059,2
c4d233ff-2bdb-446f-afd4-de501c4f14eb/0041,2
c4d233ff-2bdb-446f-afd4-de501c4f14eb/0007,1
c4d233ff-2bdb-446f-afd4-de501c4f14eb/0004,1
c4d233ff-2bdb-446f-afd4-de501c4f14eb/0052,5
c4d233ff-2bdb-446f-afd4-de501c4f14eb/0033,1
c4d233ff-2bdb-446f-afd4-de501c4f14eb/0006,1
c4d233ff-2bdb-446f-afd4-de501c4f14eb/0047,1
c4d233ff-2bdb-446f-afd4-de501c4f14eb/0045,2
c4d233ff-2bdb-446f-afd4-de501c4f14eb/0068,3
c4d233ff-2bdb-446f-afd4-de501c4f14eb/0040,0
c4d233ff-2bdb-446f-afd4-de501c4f14eb/0048,2
c4d233ff-2bdb-446f-afd4-de501c4f14eb/0061,2
c4d233ff-2bdb-446f-afd4-de501c4f14eb/0008,1
c4d233ff-2bdb-446f-afd4-de501c4f14eb/0025,0
c4d233ff-2bdb-446f-afd4-de501c4f14eb/0063,4
c4d233ff-2bdb-446f-afd4-de501c4f14eb/0012,1
c4d233ff-2bdb-446f-afd4-de501c4f14eb/0018,2
c4d233ff-2bdb-446f-afd4-de501c4f14eb/0070,1
c4d233ff-2bdb-446f-afd4-de501c4f14eb/0044,1
c4d233ff-2bdb-446f-afd4-de501c4f14eb/0060,3
c4d233ff-2bdb-446f-afd4-de501c4f14eb/0009,0
c4d233ff-2bdb-446f-afd4-de501c4f14eb/0017,1
c4d233ff-2bdb-446f-afd4-de501c4f14eb/0029,1
c4d233ff-2bdb-446f-afd4-de501c4f14eb/0014,1
c4d233ff-2bdb-446f-afd4-de501c4f14eb/0002,1
c4d233ff-2bdb-446f-afd4-de501c4f14eb/0051,3
c4d233ff-2bdb-446f-afd4-de501c4f14eb/0034,1
c4d233ff-2bdb-446f-afd4-de501c4f14eb/0056,4
c4d233ff-2bdb-446f-afd4-de501c4f14eb/0064,1
c4d233ff-2bdb-446f-afd4-de501c4f14eb/0050,3
c4d233ff-2bdb-446f-afd4-de501c4f14eb/0011,1
c4d233ff-2bdb-446f-afd4-de501c4f14eb/0015,0
c4d233ff-2bdb-446f-afd4-de501c4f14eb/0001,1
c4d233ff-2bdb-446f-afd4-de501c4f14eb/0030,1
c4d233ff-2bdb-446f-afd4-de501c4f14eb/0058,3
c4d233ff-2bdb-446f-afd4-de501c4f14eb/0027,1
c4d233ff-2bdb-446f-afd4-de501c4f14eb/0010,1
c4d233ff-2bdb-446f-afd4-de501c4f14eb/0043,1
8023aa05-87e2-4ccd-9554-d67ff3500372/0020,6
8023aa05-87e2-4ccd-9554-d67ff3500372/0019,5
8023aa05-87e2-4ccd-9554-d67ff3500372/0013,5
8023aa05-87e2-4ccd-9554-d67ff3500372/0037,3
8023aa05-87e2-4ccd-9554-d67ff3500372/0066,1
8023aa05-87e2-4ccd-9554-d67ff3500372/0046,1
8023aa05-87e2-4ccd-9554-d67ff3500372/0021,5
8023aa05-87e2-4ccd-9554-d67ff3500372/0067,1
8023aa05-87e2-4ccd-9554-d67ff3500372/0005,3
8023aa05-87e2-4ccd-9554-d67ff3500372/0042,3
8023aa05-87e2-4ccd-9554-d67ff3500372/0031,1
8023aa05-87e2-4ccd-9554-d67ff3500372/0057,1
8023aa05-87e2-4ccd-9554-d67ff3500372/0038,2
8023aa05-87e2-4ccd-9554-d67ff3500372/0065,1
8023aa05-87e2-4ccd-9554-d67ff3500372/0016,4
8023aa05-87e2-4ccd-9554-d67ff3500372/0039,2
8023aa05-87e2-4ccd-9554-d67ff3500372/0055,2
8023aa05-87e2-4ccd-9554-d67ff3500372/0049,2
8023aa05-87e2-4ccd-9554-d67ff3500372/0062,2
8023aa05-87e2-4ccd-9554-d67ff3500372/0054,2
8023aa05-87e2-4ccd-9554-d67ff3500372/0028,2
8023aa05-87e2-4ccd-9554-d67ff3500372/0053,2
8023aa05-87e2-4ccd-9554-d67ff3500372/0003,3
8023aa05-87e2-4ccd-9554-d67ff3500372/0000,2
8023aa05-87e2-4ccd-9554-d67ff3500372/0036,1
8023aa05-87e2-4ccd-9554-d67ff3500372/0059,2
8023aa05-87e2-4ccd-9554-d67ff3500372/0041,2
8023aa05-87e2-4ccd-9554-d67ff3500372/0007,3
8023aa05-87e2-4ccd-9554-d67ff3500372/0004,3
8023aa05-87e2-4ccd-9554-d67ff3500372/0052,1
8023aa05-87e2-4ccd-9554-d67ff3500372/0022,2
8023aa05-87e2-4ccd-9554-d67ff3500372/0033,2
8023aa05-87e2-4ccd-9554-d67ff3500372/0006,2
8023aa05-87e2-4ccd-9554-d67ff3500372/0047,2
8023aa05-87e2-4ccd-9554-d67ff3500372/0045,2
8023aa05-87e2-4ccd-9554-d67ff3500372/0068,2
8023aa05-87e2-4ccd-9554-d67ff3500372/0040,2
8023aa05-87e2-4ccd-9554-d67ff3500372/0048,3
8023aa05-87e2-4ccd-9554-d67ff3500372/0061,3
8023aa05-87e2-4ccd-9554-d67ff3500372/0023,4
8023aa05-87e2-4ccd-9554-d67ff3500372/0008,3
8023aa05-87e2-4ccd-9554-d67ff3500372/0025,6
8023aa05-87e2-4ccd-9554-d67ff3500372/0024,2
8023aa05-87e2-4ccd-9554-d67ff3500372/0063,2
8023aa05-87e2-4ccd-9554-d67ff3500372/0012,2
8023aa05-87e2-4ccd-9554-d67ff3500372/0018,6
8023aa05-87e2-4ccd-9554-d67ff3500372/0044,3
8023aa05-87e2-4ccd-9554-d67ff3500372/0026,2
8023aa05-87e2-4ccd-9554-d67ff3500372/0060,1
8023aa05-87e2-4ccd-9554-d67ff3500372/0009,5
8023aa05-87e2-4ccd-9554-d67ff3500372/0017,4
8023aa05-87e2-4ccd-9554-d67ff3500372/0029,1
8023aa05-87e2-4ccd-9554-d67ff3500372/0014,3
8023aa05-87e2-4ccd-9554-d67ff3500372/0035,2
8023aa05-87e2-4ccd-9554-d67ff3500372/0002,3
8023aa05-87e2-4ccd-9554-d67ff3500372/0032,2
8023aa05-87e2-4ccd-9554-d67ff3500372/0051,2
8023aa05-87e2-4ccd-9554-d67ff3500372/0034,2
8023aa05-87e2-4ccd-9554-d67ff3500372/0056,1
8023aa05-87e2-4ccd-9554-d67ff3500372/0064,2
8023aa05-87e2-4ccd-9554-d67ff3500372/0011,5
8023aa05-87e2-4ccd-9554-d67ff3500372/0015,5
8023aa05-87e2-4ccd-9554-d67ff3500372/0001,3
8023aa05-87e2-4ccd-9554-d67ff3500372/0030,1
8023aa05-87e2-4ccd-9554-d67ff3500372/0058,2
8023aa05-87e2-4ccd-9554-d67ff3500372/0027,3
8023aa05-87e2-4ccd-9554-d67ff3500372/0010,6
8023aa05-87e2-4ccd-9554-d67ff3500372/0043,2
38ced1e8-30fd-405a-b30a-31ef74e68ec4/0073,0
38ced1e8-30fd-405a-b30a-31ef74e68ec4/0020,3
38ced1e8-30fd-405a-b30a-31ef74e68ec4/0019,2
38ced1e8-30fd-405a-b30a-31ef74e68ec4/0013,6
38ced1e8-30fd-405a-b30a-31ef74e68ec4/0037,1
38ced1e8-30fd-405a-b30a-31ef74e68ec4/0066,5
38ced1e8-30fd-405a-b30a-31ef74e68ec4/0046,2
38ced1e8-30fd-405a-b30a-31ef74e68ec4/0069,6
38ced1e8-30fd-405a-b30a-31ef74e68ec4/0021,2
38ced1e8-30fd-405a-b30a-31ef74e68ec4/0067,5
38ced1e8-30fd-405a-b30a-31ef74e68ec4/0005,6
38ced1e8-30fd-405a-b30a-31ef74e68ec4/0042,1
38ced1e8-30fd-405a-b30a-31ef74e68ec4/0031,2
38ced1e8-30fd-405a-b30a-31ef74e68ec4/0057,1
38ced1e8-30fd-405a-b30a-31ef74e68ec4/0065,5
38ced1e8-30fd-405a-b30a-31ef74e68ec4/0016,6
38ced1e8-30fd-405a-b30a-31ef74e68ec4/0039,1
38ced1e8-30fd-405a-b30a-31ef74e68ec4/0055,2
38ced1e8-30fd-405a-b30a-31ef74e68ec4/0049,3
38ced1e8-30fd-405a-b30a-31ef74e68ec4/0062,2
38ced1e8-30fd-405a-b30a-31ef74e68ec4/0072,2
38ced1e8-30fd-405a-b30a-31ef74e68ec4/0054,3
38ced1e8-30fd-405a-b30a-31ef74e68ec4/0028,4
38ced1e8-30fd-405a-b30a-31ef74e68ec4/0053,1
38ced1e8-30fd-405a-b30a-31ef74e68ec4/0003,6
38ced1e8-30fd-405a-b30a-31ef74e68ec4/0071,5
38ced1e8-30fd-405a-b30a-31ef74e68ec4/0000,2
38ced1e8-30fd-405a-b30a-31ef74e68ec4/0036,2
38ced1e8-30fd-405a-b30a-31ef74e68ec4/0074,2
38ced1e8-30fd-405a-b30a-31ef74e68ec4/0059,6
38ced1e8-30fd-405a-b30a-31ef74e68ec4/0041,5
38ced1e8-30fd-405a-b30a-31ef74e68ec4/0007,2
38ced1e8-30fd-405a-b30a-31ef74e68ec4/0004,5
38ced1e8-30fd-405a-b30a-31ef74e68ec4/0052,1
38ced1e8-30fd-405a-b30a-31ef74e68ec4/0022,5
38ced1e8-30fd-405a-b30a-31ef74e68ec4/0033,1
38ced1e8-30fd-405a-b30a-31ef74e68ec4/0006,5
38ced1e8-30fd-405a-b30a-31ef74e68ec4/0047,1
38ced1e8-30fd-405a-b30a-31ef74e68ec4/0045,3
38ced1e8-30fd-405a-b30a-31ef74e68ec4/0068,4
38ced1e8-30fd-405a-b30a-31ef74e68ec4/0040,3
38ced1e8-30fd-405a-b30a-31ef74e68ec4/0048,2
38ced1e8-30fd-405a-b30a-31ef74e68ec4/0061,3
38ced1e8-30fd-405a-b30a-31ef74e68ec4/0023,3
38ced1e8-30fd-405a-b30a-31ef74e68ec4/0008,5
38ced1e8-30fd-405a-b30a-31ef74e68ec4/0075,2
38ced1e8-30fd-405a-b30a-31ef74e68ec4/0025,3
38ced1e8-30fd-405a-b30a-31ef74e68ec4/0024,6
38ced1e8-30fd-405a-b30a-31ef74e68ec4/0063,3
38ced1e8-30fd-405a-b30a-31ef74e68ec4/0012,5
38ced1e8-30fd-405a-b30a-31ef74e68ec4/0018,2
38ced1e8-30fd-405a-b30a-31ef74e68ec4/0070,5
38ced1e8-30fd-405a-b30a-31ef74e68ec4/0044,3
38ced1e8-30fd-405a-b30a-31ef74e68ec4/0026,2
38ced1e8-30fd-405a-b30a-31ef74e68ec4/0060,3
38ced1e8-30fd-405a-b30a-31ef74e68ec4/0009,7
38ced1e8-30fd-405a-b30a-31ef74e68ec4/0017,4
38ced1e8-30fd-405a-b30a-31ef74e68ec4/0029,2
38ced1e8-30fd-405a-b30a-31ef74e68ec4/0014,3
38ced1e8-30fd-405a-b30a-31ef74e68ec4/0035,2
38ced1e8-30fd-405a-b30a-31ef74e68ec4/0002,5
38ced1e8-30fd-405a-b30a-31ef74e68ec4/0051,1
38ced1e8-30fd-405a-b30a-31ef74e68ec4/0034,4
38ced1e8-30fd-405a-b30a-31ef74e68ec4/0056,0
38ced1e8-30fd-405a-b30a-31ef74e68ec4/0064,3
38ced1e8-30fd-405a-b30a-31ef74e68ec4/0050,3
38ced1e8-30fd-405a-b30a-31ef74e68ec4/0011,5
38ced1e8-30fd-405a-b30a-31ef74e68ec4/0015,5
38ced1e8-30fd-405a-b30a-31ef74e68ec4/0001,4
38ced1e8-30fd-405a-b30a-31ef74e68ec4/0030,6
38ced1e8-30fd-405a-b30a-31ef74e68ec4/0058,1
38ced1e8-30fd-405a-b30a-31ef74e68ec4/0027,0
38ced1e8-30fd-405a-b30a-31ef74e68ec4/0010,5
38ced1e8-30fd-405a-b30a-31ef74e68ec4/0043,3
c22acdaa-b1c3-486f-9671-42064ad14569/0020,4
c22acdaa-b1c3-486f-9671-42064ad14569/0019,4
c22acdaa-b1c3-486f-9671-42064ad14569/0013,5
c22acdaa-b1c3-486f-9671-42064ad14569/0037,2
c22acdaa-b1c3-486f-9671-42064ad14569/0066,3
c22acdaa-b1c3-486f-9671-42064ad14569/0046,0
c22acdaa-b1c3-486f-9671-42064ad14569/0069,7
c22acdaa-b1c3-486f-9671-42064ad14569/0021,2
c22acdaa-b1c3-486f-9671-42064ad14569/0067,3
c22acdaa-b1c3-486f-9671-42064ad14569/0005,3
c22acdaa-b1c3-486f-9671-42064ad14569/0031,3
c22acdaa-b1c3-486f-9671-42064ad14569/0057,5
c22acdaa-b1c3-486f-9671-42064ad14569/0038,2
c22acdaa-b1c3-486f-9671-42064ad14569/0065,3
c22acdaa-b1c3-486f-9671-42064ad14569/0016,1
c22acdaa-b1c3-486f-9671-42064ad14569/0039,2
c22acdaa-b1c3-486f-9671-42064ad14569/0055,6
c22acdaa-b1c3-486f-9671-42064ad14569/0049,2
c22acdaa-b1c3-486f-9671-42064ad14569/0062,1
c22acdaa-b1c3-486f-9671-42064ad14569/0054,8
c22acdaa-b1c3-486f-9671-42064ad14569/0028,5
c22acdaa-b1c3-486f-9671-42064ad14569/0053,4
c22acdaa-b1c3-486f-9671-42064ad14569/0003,1
c22acdaa-b1c3-486f-9671-42064ad14569/0000,2
c22acdaa-b1c3-486f-9671-42064ad14569/0036,3
c22acdaa-b1c3-486f-9671-42064ad14569/0059,8
c22acdaa-b1c3-486f-9671-42064ad14569/0041,1
c22acdaa-b1c3-486f-9671-42064ad14569/0007,6
c22acdaa-b1c3-486f-9671-42064ad14569/0004,2
c22acdaa-b1c3-486f-9671-42064ad14569/0052,2
c22acdaa-b1c3-486f-9671-42064ad14569/0022,2
c22acdaa-b1c3-486f-9671-42064ad14569/0033,4
c22acdaa-b1c3-486f-9671-42064ad14569/0006,4
c22acdaa-b1c3-486f-9671-42064ad14569/0047,1
c22acdaa-b1c3-486f-9671-42064ad14569/0045,3
c22acdaa-b1c3-486f-9671-42064ad14569/0068,5
c22acdaa-b1c3-486f-9671-42064ad14569/0040,1
c22acdaa-b1c3-486f-9671-42064ad14569/0048,1
c22acdaa-b1c3-486f-9671-42064ad14569/0061,2
c22acdaa-b1c3-486f-9671-42064ad14569/0023,2
c22acdaa-b1c3-486f-9671-42064ad14569/0008,6
c22acdaa-b1c3-486f-9671-42064ad14569/0025,2
c22acdaa-b1c3-486f-9671-42064ad14569/0024,3
c22acdaa-b1c3-486f-9671-42064ad14569/0063,1
c22acdaa-b1c3-486f-9671-42064ad14569/0012,5
c22acdaa-b1c3-486f-9671-42064ad14569/0018,3
c22acdaa-b1c3-486f-9671-42064ad14569/0044,2
c22acdaa-b1c3-486f-9671-42064ad14569/0026,3
c22acdaa-b1c3-486f-9671-42064ad14569/0060,5
c22acdaa-b1c3-486f-9671-42064ad14569/0009,5
c22acdaa-b1c3-486f-9671-42064ad14569/0017,1
c22acdaa-b1c3-486f-9671-42064ad14569/0029,5
c22acdaa-b1c3-486f-9671-42064ad14569/0014,3
c22acdaa-b1c3-486f-9671-42064ad14569/0035,2
c22acdaa-b1c3-486f-9671-42064ad14569/0002,2
c22acdaa-b1c3-486f-9671-42064ad14569/0032,5
c22acdaa-b1c3-486f-9671-42064ad14569/0034,2
c22acdaa-b1c3-486f-9671-42064ad14569/0056,7
c22acdaa-b1c3-486f-9671-42064ad14569/0064,1
c22acdaa-b1c3-486f-9671-42064ad14569/0050,1
c22acdaa-b1c3-486f-9671-42064ad14569/0011,2
c22acdaa-b1c3-486f-9671-42064ad14569/0015,4
c22acdaa-b1c3-486f-9671-42064ad14569/0001,3
c22acdaa-b1c3-486f-9671-42064ad14569/0030,4
c22acdaa-b1c3-486f-9671-42064ad14569/0058,7
c22acdaa-b1c3-486f-9671-42064ad14569/0027,3
c22acdaa-b1c3-486f-9671-42064ad14569/0010,3
c22acdaa-b1c3-486f-9671-42064ad14569/0043,0
219823c2-0f54-44ed-a0db-597ff010c129/0073,4
219823c2-0f54-44ed-a0db-597ff010c129/0020,5
219823c2-0f54-44ed-a0db-597ff010c129/0019,6
219823c2-0f54-44ed-a0db-597ff010c129/0013,2
219823c2-0f54-44ed-a0db-597ff010c129/0037,5
219823c2-0f54-44ed-a0db-597ff010c129/0066,5
219823c2-0f54-44ed-a0db-597ff010c129/0046,6
219823c2-0f54-44ed-a0db-597ff010c129/0069,4
219823c2-0f54-44ed-a0db-597ff010c129/0076,0
219823c2-0f54-44ed-a0db-597ff010c129/0021,4
219823c2-0f54-44ed-a0db-597ff010c129/0067,4
219823c2-0f54-44ed-a0db-597ff010c129/0005,2
219823c2-0f54-44ed-a0db-597ff010c129/0042,5
219823c2-0f54-44ed-a0db-597ff010c129/0031,0
219823c2-0f54-44ed-a0db-597ff010c129/0057,1
219823c2-0f54-44ed-a0db-597ff010c129/0038,5
219823c2-0f54-44ed-a0db-597ff010c129/0065,1
219823c2-0f54-44ed-a0db-597ff010c129/0016,5
219823c2-0f54-44ed-a0db-597ff010c129/0039,5
219823c2-0f54-44ed-a0db-597ff010c129/0055,5
219823c2-0f54-44ed-a0db-597ff010c129/0049,4
219823c2-0f54-44ed-a0db-597ff010c129/0062,4
219823c2-0f54-44ed-a0db-597ff010c129/0072,3
219823c2-0f54-44ed-a0db-597ff010c129/0054,4
219823c2-0f54-44ed-a0db-597ff010c129/0028,4
219823c2-0f54-44ed-a0db-597ff010c129/0053,6
219823c2-0f54-44ed-a0db-597ff010c129/0003,1
219823c2-0f54-44ed-a0db-597ff010c129/0071,3
219823c2-0f54-44ed-a0db-597ff010c129/0036,4
219823c2-0f54-44ed-a0db-597ff010c129/0074,2
219823c2-0f54-44ed-a0db-597ff010c129/0059,1
219823c2-0f54-44ed-a0db-597ff010c129/0041,5
219823c2-0f54-44ed-a0db-597ff010c129/0007,2
219823c2-0f54-44ed-a0db-597ff010c129/0004,4
219823c2-0f54-44ed-a0db-597ff010c129/0052,4
219823c2-0f54-44ed-a0db-597ff010c129/0022,3
219823c2-0f54-44ed-a0db-597ff010c129/0033,3
219823c2-0f54-44ed-a0db-597ff010c129/0006,5
219823c2-0f54-44ed-a0db-597ff010c129/0047,8
219823c2-0f54-44ed-a0db-597ff010c129/0045,4
219823c2-0f54-44ed-a0db-597ff010c129/0068,4
219823c2-0f54-44ed-a0db-597ff010c129/0040,6
219823c2-0f54-44ed-a0db-597ff010c129/0048,6
219823c2-0f54-44ed-a0db-597ff010c129/0061,2
219823c2-0f54-44ed-a0db-597ff010c129/0023,0
219823c2-0f54-44ed-a0db-597ff010c129/0008,1
219823c2-0f54-44ed-a0db-597ff010c129/0075,1
219823c2-0f54-44ed-a0db-597ff010c129/0025,5
219823c2-0f54-44ed-a0db-597ff010c129/0024,1
219823c2-0f54-44ed-a0db-597ff010c129/0063,2
219823c2-0f54-44ed-a0db-597ff010c129/0012,4
219823c2-0f54-44ed-a0db-597ff010c129/0018,6
219823c2-0f54-44ed-a0db-597ff010c129/0070,3
219823c2-0f54-44ed-a0db-597ff010c129/0044,4
219823c2-0f54-44ed-a0db-597ff010c129/0026,2
219823c2-0f54-44ed-a0db-597ff010c129/0060,2
219823c2-0f54-44ed-a0db-597ff010c129/0009,2
219823c2-0f54-44ed-a0db-597ff010c129/0017,7
219823c2-0f54-44ed-a0db-597ff010c129/0029,1
219823c2-0f54-44ed-a0db-597ff010c129/0014,5
219823c2-0f54-44ed-a0db-597ff010c129/0035,3
219823c2-0f54-44ed-a0db-597ff010c129/0002,2
219823c2-0f54-44ed-a0db-597ff010c129/0032,3
219823c2-0f54-44ed-a0db-597ff010c129/0051,4
219823c2-0f54-44ed-a0db-597ff010c129/0034,3
219823c2-0f54-44ed-a0db-597ff010c129/0056,4
219823c2-0f54-44ed-a0db-597ff010c129/0064,0
219823c2-0f54-44ed-a0db-597ff010c129/0050,4
219823c2-0f54-44ed-a0db-597ff010c129/0011,2
219823c2-0f54-44ed-a0db-597ff010c129/0015,7
219823c2-0f54-44ed-a0db-597ff010c129/0001,2
219823c2-0f54-44ed-a0db-597ff010c129/0030,1
219823c2-0f54-44ed-a0db-597ff010c129/0058,2
219823c2-0f54-44ed-a0db-597ff010c129/0027,2
219823c2-0f54-44ed-a0db-597ff010c129/0010,1
219823c2-0f54-44ed-a0db-597ff010c129/0043,5
2983f6f8-00db-4aa3-8ea1-562791e22771/0073,3
2983f6f8-00db-4aa3-8ea1-562791e22771/0020,1
2983f6f8-00db-4aa3-8ea1-562791e22771/0019,2
2983f6f8-00db-4aa3-8ea1-562791e22771/0013,4
2983f6f8-00db-4aa3-8ea1-562791e22771/0082,1
2983f6f8-00db-4aa3-8ea1-562791e22771/0037,0
2983f6f8-00db-4aa3-8ea1-562791e22771/0066,4
2983f6f8-00db-4aa3-8ea1-562791e22771/0081,2
2983f6f8-00db-4aa3-8ea1-562791e22771/0046,5
2983f6f8-00db-4aa3-8ea1-562791e22771/0069,4
2983f6f8-00db-4aa3-8ea1-562791e22771/0076,3
2983f6f8-00db-4aa3-8ea1-562791e22771/0067,4
2983f6f8-00db-4aa3-8ea1-562791e22771/0005,0
2983f6f8-00db-4aa3-8ea1-562791e22771/0042,4
2983f6f8-00db-4aa3-8ea1-562791e22771/0031,1
2983f6f8-00db-4aa3-8ea1-562791e22771/0057,2
2983f6f8-00db-4aa3-8ea1-562791e22771/0065,4
2983f6f8-00db-4aa3-8ea1-562791e22771/0016,4
2983f6f8-00db-4aa3-8ea1-562791e22771/0083,1
2983f6f8-00db-4aa3-8ea1-562791e22771/0039,1
2983f6f8-00db-4aa3-8ea1-562791e22771/0080,2
2983f6f8-00db-4aa3-8ea1-562791e22771/0055,4
2983f6f8-00db-4aa3-8ea1-562791e22771/0079,2
2983f6f8-00db-4aa3-8ea1-562791e22771/0049,6
2983f6f8-00db-4aa3-8ea1-562791e22771/0062,1
2983f6f8-00db-4aa3-8ea1-562791e22771/0072,3
2983f6f8-00db-4aa3-8ea1-562791e22771/0054,5
2983f6f8-00db-4aa3-8ea1-562791e22771/0053,3
2983f6f8-00db-4aa3-8ea1-562791e22771/0003,3
2983f6f8-00db-4aa3-8ea1-562791e22771/0071,4
2983f6f8-00db-4aa3-8ea1-562791e22771/0000,2
2983f6f8-00db-4aa3-8ea1-562791e22771/0036,2
2983f6f8-00db-4aa3-8ea1-562791e22771/0074,2
2983f6f8-00db-4aa3-8ea1-562791e22771/0059,2
2983f6f8-00db-4aa3-8ea1-562791e22771/0041,5
2983f6f8-00db-4aa3-8ea1-562791e22771/0007,1
2983f6f8-00db-4aa3-8ea1-562791e22771/0004,1
2983f6f8-00db-4aa3-8ea1-562791e22771/0052,4
2983f6f8-00db-4aa3-8ea1-562791e22771/0077,3
2983f6f8-00db-4aa3-8ea1-562791e22771/0022,3
2983f6f8-00db-4aa3-8ea1-562791e22771/0033,4
2983f6f8-00db-4aa3-8ea1-562791e22771/0006,1
2983f6f8-00db-4aa3-8ea1-562791e22771/0047,7
2983f6f8-00db-4aa3-8ea1-562791e22771/0045,6
2983f6f8-00db-4aa3-8ea1-562791e22771/0068,4
2983f6f8-00db-4aa3-8ea1-562791e22771/0040,0
2983f6f8-00db-4aa3-8ea1-562791e22771/0078,2
2983f6f8-00db-4aa3-8ea1-562791e22771/0048,6
2983f6f8-00db-4aa3-8ea1-562791e22771/0061,5
2983f6f8-00db-4aa3-8ea1-562791e22771/0023,3
2983f6f8-00db-4aa3-8ea1-562791e22771/0008,1
2983f6f8-00db-4aa3-8ea1-562791e22771/0075,3
2983f6f8-00db-4aa3-8ea1-562791e22771/0025,2
2983f6f8-00db-4aa3-8ea1-562791e22771/0024,2
2983f6f8-00db-4aa3-8ea1-562791e22771/0063,3
2983f6f8-00db-4aa3-8ea1-562791e22771/0012,3
2983f6f8-00db-4aa3-8ea1-562791e22771/0018,5
2983f6f8-00db-4aa3-8ea1-562791e22771/0070,2
2983f6f8-00db-4aa3-8ea1-562791e22771/0044,6
2983f6f8-00db-4aa3-8ea1-562791e22771/0026,2
2983f6f8-00db-4aa3-8ea1-562791e22771/0060,5
2983f6f8-00db-4aa3-8ea1-562791e22771/0009,4
2983f6f8-00db-4aa3-8ea1-562791e22771/0017,4
2983f6f8-00db-4aa3-8ea1-562791e22771/0029,2
2983f6f8-00db-4aa3-8ea1-562791e22771/0014,3
2983f6f8-00db-4aa3-8ea1-562791e22771/0035,2
2983f6f8-00db-4aa3-8ea1-562791e22771/0002,1
2983f6f8-00db-4aa3-8ea1-562791e22771/0032,6
2983f6f8-00db-4aa3-8ea1-562791e22771/0051,5
2983f6f8-00db-4aa3-8ea1-562791e22771/0034,4
2983f6f8-00db-4aa3-8ea1-562791e22771/0056,3
2983f6f8-00db-4aa3-8ea1-562791e22771/0064,4
2983f6f8-00db-4aa3-8ea1-562791e22771/0050,6
2983f6f8-00db-4aa3-8ea1-562791e22771/0011,6
2983f6f8-00db-4aa3-8ea1-562791e22771/0015,2
2983f6f8-00db-4aa3-8ea1-562791e22771/0001,0
2983f6f8-00db-4aa3-8ea1-562791e22771/0030,1
2983f6f8-00db-4aa3-8ea1-562791e22771/0058,0
2983f6f8-00db-4aa3-8ea1-562791e22771/0027,3
2983f6f8-00db-4aa3-8ea1-562791e22771/0010,5
2983f6f8-00db-4aa3-8ea1-562791e22771/0043,5
620fd3d2-b76e-4050-8ede-777c97ee33cc/0073,5
620fd3d2-b76e-4050-8ede-777c97ee33cc/0020,5
620fd3d2-b76e-4050-8ede-777c97ee33cc/0019,4
620fd3d2-b76e-4050-8ede-777c97ee33cc/0013,3
620fd3d2-b76e-4050-8ede-777c97ee33cc/0037,3
620fd3d2-b76e-4050-8ede-777c97ee33cc/0066,4
620fd3d2-b76e-4050-8ede-777c97ee33cc/0046,0
620fd3d2-b76e-4050-8ede-777c97ee33cc/0069,6
620fd3d2-b76e-4050-8ede-777c97ee33cc/0076,4
620fd3d2-b76e-4050-8ede-777c97ee33cc/0021,5
620fd3d2-b76e-4050-8ede-777c97ee33cc/0067,3
620fd3d2-b76e-4050-8ede-777c97ee33cc/0005,3
620fd3d2-b76e-4050-8ede-777c97ee33cc/0042,4
620fd3d2-b76e-4050-8ede-777c97ee33cc/0031,1
620fd3d2-b76e-4050-8ede-777c97ee33cc/0057,2
620fd3d2-b76e-4050-8ede-777c97ee33cc/0038,3
620fd3d2-b76e-4050-8ede-777c97ee33cc/0065,4
620fd3d2-b76e-4050-8ede-777c97ee33cc/0016,2
620fd3d2-b76e-4050-8ede-777c97ee33cc/0039,3
620fd3d2-b76e-4050-8ede-777c97ee33cc/0055,1
620fd3d2-b76e-4050-8ede-777c97ee33cc/0049,3
620fd3d2-b76e-4050-8ede-777c97ee33cc/0062,3
620fd3d2-b76e-4050-8ede-777c97ee33cc/0072,5
620fd3d2-b76e-4050-8ede-777c97ee33cc/0054,2
620fd3d2-b76e-4050-8ede-777c97ee33cc/0028,6
620fd3d2-b76e-4050-8ede-777c97ee33cc/0053,1
620fd3d2-b76e-4050-8ede-777c97ee33cc/0003,1
620fd3d2-b76e-4050-8ede-777c97ee33cc/0071,4
620fd3d2-b76e-4050-8ede-777c97ee33cc/0000,0
620fd3d2-b76e-4050-8ede-777c97ee33cc/0036,1
620fd3d2-b76e-4050-8ede-777c97ee33cc/0074,5
620fd3d2-b76e-4050-8ede-777c97ee33cc/0059,3
620fd3d2-b76e-4050-8ede-777c97ee33cc/0041,2
620fd3d2-b76e-4050-8ede-777c97ee33cc/0007,2
620fd3d2-b76e-4050-8ede-777c97ee33cc/0004,0
620fd3d2-b76e-4050-8ede-777c97ee33cc/0052,3
620fd3d2-b76e-4050-8ede-777c97ee33cc/0022,5
620fd3d2-b76e-4050-8ede-777c97ee33cc/0033,1
620fd3d2-b76e-4050-8ede-777c97ee33cc/0006,2
620fd3d2-b76e-4050-8ede-777c97ee33cc/0047,1
620fd3d2-b76e-4050-8ede-777c97ee33cc/0045,1
620fd3d2-b76e-4050-8ede-777c97ee33cc/0068,5
620fd3d2-b76e-4050-8ede-777c97ee33cc/0040,3
620fd3d2-b76e-4050-8ede-777c97ee33cc/0048,5
620fd3d2-b76e-4050-8ede-777c97ee33cc/0061,3
620fd3d2-b76e-4050-8ede-777c97ee33cc/0023,7
620fd3d2-b76e-4050-8ede-777c97ee33cc/0008,2
620fd3d2-b76e-4050-8ede-777c97ee33cc/0075,6
620fd3d2-b76e-4050-8ede-777c97ee33cc/0025,4
620fd3d2-b76e-4050-8ede-777c97ee33cc/0024,7
620fd3d2-b76e-4050-8ede-777c97ee33cc/0063,2
620fd3d2-b76e-4050-8ede-777c97ee33cc/0012,2
620fd3d2-b76e-4050-8ede-777c97ee33cc/0018,6
620fd3d2-b76e-4050-8ede-777c97ee33cc/0070,5
620fd3d2-b76e-4050-8ede-777c97ee33cc/0044,1
620fd3d2-b76e-4050-8ede-777c97ee33cc/0026,6
620fd3d2-b76e-4050-8ede-777c97ee33cc/0060,4
620fd3d2-b76e-4050-8ede-777c97ee33cc/0009,2
620fd3d2-b76e-4050-8ede-777c97ee33cc/0017,4
620fd3d2-b76e-4050-8ede-777c97ee33cc/0029,3
620fd3d2-b76e-4050-8ede-777c97ee33cc/0014,3
620fd3d2-b76e-4050-8ede-777c97ee33cc/0035,1
620fd3d2-b76e-4050-8ede-777c97ee33cc/0002,0
620fd3d2-b76e-4050-8ede-777c97ee33cc/0032,1
620fd3d2-b76e-4050-8ede-777c97ee33cc/0051,4
620fd3d2-b76e-4050-8ede-777c97ee33cc/0034,2
620fd3d2-b76e-4050-8ede-777c97ee33cc/0056,1
620fd3d2-b76e-4050-8ede-777c97ee33cc/0064,3
620fd3d2-b76e-4050-8ede-777c97ee33cc/0050,5
620fd3d2-b76e-4050-8ede-777c97ee33cc/0011,2
620fd3d2-b76e-4050-8ede-777c97ee33cc/0015,3
620fd3d2-b76e-4050-8ede-777c97ee33cc/0001,1
620fd3d2-b76e-4050-8ede-777c97ee33cc/0030,2
620fd3d2-b76e-4050-8ede-777c97ee33cc/0058,2
620fd3d2-b76e-4050-8ede-777c97ee33cc/0027,5
620fd3d2-b76e-4050-8ede-777c97ee33cc/0010,2
620fd3d2-b76e-4050-8ede-777c97ee33cc/0043,7
b2365de5-858e-40b3-b782-68fdc6068389/000000,0
c16c3814-2f5a-48a9-85ff-5a33795eba0e/000000,0
cae353f6-912b-47fe-863a-57e999677dda/000000,0
dfcc9608-7201-4baf-bd7c-d11e9c1c35b0/000000,0
fdf23cc5-6850-4507-996e-3e75cec90b5f/000000,0
